event_id,event_date,nearest_port,region,latitude,longitude,disruption_type,severity,duration_days,lead_time_delay_days,spot_price_index_change
EV00318,2019-01-01,Busan,East Asia,36.73811900652988,131.34889888922928,port_congestion,0.392,4.3,1.3,0.108
EV01088,2019-01-04,Ho Chi Minh City,Southeast Asia,12.352140726378307,103.80909183614472,typhoon_hurricane,0.849,9.1,5.3,0.061
EV00996,2019-01-10,Rotterdam,Europe,51.111561500609135,7.217512469804748,earthquake,0.434,26.6,5.2,0.111
EV00133,2019-01-13,Chennai,South Asia,13.278329452465366,79.27856479282606,port_congestion,0.673,2.7,1.1,0.189
EV00115,2019-01-14,Ho Chi Minh City,Southeast Asia,12.81857310903793,107.04453182186737,port_congestion,0.32,6.9,1.2,0.112
EV00641,2019-01-16,Savannah,North America,31.713952426434926,-82.49009559243433,port_congestion,0.518,14.3,3.1,0.138
EV00630,2019-01-16,Shanghai,East Asia,31.623860844687783,122.1480626282759,typhoon_hurricane,0.339,13.0,2.4,0.088
EV00389,2019-01-18,Busan,East Asia,33.49570801139413,130.37345496374138,port_congestion,0.308,2.4,0.7,0.032
EV00907,2019-01-25,Manzanillo,North America,19.37776993721257,-106.58426105433048,geopolitical_sanction,0.78,30.6,15.4,0.083
EV01105,2019-01-26,Busan,East Asia,37.040218130482394,127.92135176846266,cyberattack,0.426,0.7,0.2,0.048
EV00236,2019-01-30,Oakland,North America,41.3170911954231,-124.35355482053495,canal_blockage,0.559,29.2,13.0,0.154
EV00683,2019-02-01,Singapore,Southeast Asia,0.9756309605239278,104.2444525247001,port_congestion,0.255,10.6,2.3,0.095
EV01091,2019-02-02,Ho Chi Minh City,Southeast Asia,14.740089919540338,106.24030174712288,port_congestion,0.21,11.9,1.1,0.021
EV00892,2019-02-02,Oakland,North America,40.1802987388383,-122.62250335163056,typhoon_hurricane,0.297,6.5,1.2,0.053
EV00889,2019-02-04,Busan,East Asia,35.24140340089148,132.00379900016324,canal_blockage,0.914,8.5,6.9,0.31
EV00835,2019-02-04,Ho Chi Minh City,Southeast Asia,8.964191728795864,107.1146397771341,rail_derailment,0.433,0.6,0.1,0.047
EV00104,2019-02-06,Shenzhen,East Asia,24.084449268297377,115.68813342426895,labor_strike,0.428,10.0,3.0,0.074
EV00989,2019-02-06,Manzanillo,North America,17.497845368761567,-104.9969123544329,typhoon_hurricane,0.119,0.5,0.0,0.045
EV00307,2019-02-08,Manzanillo,North America,17.989815270774727,-104.98954346734374,geopolitical_sanction,0.29,55.3,10.5,0.037
EV01130,2019-02-10,Los Angeles,North America,33.07732541380117,-116.98469559393895,canal_blockage,0.876,16.4,7.4,0.102
EV00737,2019-02-10,Houston,North America,29.136233722012904,-94.04093836436174,canal_blockage,0.813,21.7,13.2,0.061
EV00141,2019-02-12,Manzanillo,North America,17.1499361786091,-105.82065067249961,geopolitical_sanction,0.576,14.1,3.2,0.091
EV01170,2019-02-13,Oakland,North America,37.45259104696318,-121.45286388514474,typhoon_hurricane,0.485,2.0,0.8,0.148
EV00801,2019-02-19,Singapore,Southeast Asia,0.8534286641260274,104.33620648023447,port_congestion,0.321,17.1,4.6,0.096
EV00624,2019-02-21,Savannah,North America,29.022891862304153,-81.04630067071798,labor_strike,0.37,34.7,9.0,0.077
EV00725,2019-02-23,Singapore,Southeast Asia,3.955162761396971,103.6941291420426,geopolitical_sanction,0.688,47.9,24.7,0.082
EV00228,2019-02-26,Singapore,Southeast Asia,2.847609593676072,105.23428896142252,port_congestion,0.704,25.1,7.7,0.305
EV00486,2019-02-27,Savannah,North America,35.24278036283652,-80.78583637784422,port_congestion,0.623,16.8,7.4,0.208
EV01056,2019-02-27,Ho Chi Minh City,Southeast Asia,11.19152819735591,107.25624137113508,typhoon_hurricane,0.754,9.8,3.8,0.215
EV01076,2019-03-01,Los Angeles,North America,32.852114423377884,-118.61160692024218,typhoon_hurricane,0.46,1.5,0.5,0.146
EV00138,2019-03-05,Savannah,North America,28.982710475992086,-81.04124668795716,typhoon_hurricane,0.292,11.9,2.5,0.118
EV00007,2019-03-05,Kaohsiung,East Asia,22.443996957939007,119.10599385272829,typhoon_hurricane,0.808,13.5,8.0,0.296
EV01000,2019-03-06,Savannah,North America,29.180683486725748,-81.67946185591877,cyberattack,0.144,8.0,0.5,0.026
EV00705,2019-03-07,Shanghai,East Asia,31.157810029197353,122.07981725375552,port_congestion,0.401,13.9,3.3,0.035
EV00437,2019-03-08,Shenzhen,East Asia,24.155008500571487,113.41460243565754,typhoon_hurricane,0.731,7.5,3.8,0.266
EV00871,2019-03-09,Shanghai,East Asia,31.11331602717989,120.9139102649601,cyberattack,0.455,2.5,0.9,0.199
EV00621,2019-03-09,Rotterdam,Europe,53.2629682688389,4.889493576484924,port_congestion,0.035,22.2,0.3,0.005
EV00126,2019-03-15,Savannah,North America,31.829291910357828,-78.31981946794636,rail_derailment,0.137,4.5,0.4,0.039
EV00162,2019-03-29,Los Angeles,North America,34.113097046288345,-121.51003969592627,port_congestion,0.322,7.3,1.3,0.043
EV00684,2019-03-31,Chennai,South Asia,15.67630706316616,77.840424612836,rail_derailment,0.473,7.0,1.2,0.145
EV00064,2019-03-31,Savannah,North America,35.031691249905386,-81.40484174512791,typhoon_hurricane,0.661,5.8,2.6,0.231
EV00541,2019-03-31,Panama Canal,Central America,8.451028076792703,-82.13493233142243,cyberattack,0.377,7.0,2.1,0.02
EV00394,2019-04-01,Chennai,South Asia,12.170426048042392,79.67536998394883,geopolitical_sanction,0.74,6.9,1.8,0.042
EV00933,2019-04-01,Oakland,North America,38.756540036735466,-121.02272239020299,typhoon_hurricane,0.283,2.5,0.6,0.075
EV00187,2019-04-09,Rotterdam,Europe,52.20310535047363,2.7767072756588926,port_congestion,0.607,3.1,1.2,0.14
EV00495,2019-04-15,Panama Canal,Central America,9.491464904350424,-79.4239168242781,labor_strike,0.26,7.5,0.9,0.036
EV00728,2019-04-16,Manzanillo,North America,20.261674272232316,-104.37844336361843,cyberattack,0.67,4.7,1.4,0.04
EV00455,2019-04-19,Panama Canal,Central America,7.191589487844403,-76.10313023982152,typhoon_hurricane,0.499,3.0,1.3,0.14
EV00203,2019-04-21,Panama Canal,Central America,10.538233732762958,-81.31361879484253,typhoon_hurricane,0.623,4.7,1.0,0.038
EV00805,2019-04-22,Busan,East Asia,37.13290614607136,127.81011696681358,rail_derailment,0.203,3.3,0.2,0.084
EV00533,2019-04-29,Houston,North America,30.06111325946944,-95.32393505145892,earthquake,0.497,18.5,3.8,0.206
EV00461,2019-05-02,Singapore,Southeast Asia,4.927082949990302,102.58071503031697,port_congestion,0.649,7.7,3.5,0.138
EV00474,2019-05-05,Panama Canal,Central America,8.213683339836605,-78.53033947362997,port_congestion,0.13,16.8,1.2,0.058
EV01026,2019-05-10,Busan,East Asia,36.06371216806698,130.83413735144097,canal_blockage,0.602,7.0,1.7,0.247
EV00415,2019-05-13,Savannah,North America,30.019598538046928,-81.18410329601399,port_congestion,0.667,13.9,3.4,0.285
EV00585,2019-05-17,Los Angeles,North America,31.326683636506324,-120.33327331124822,rail_derailment,0.064,4.8,0.2,0.023
EV00224,2019-05-18,Savannah,North America,28.879799431415513,-80.75404639829136,canal_blockage,0.795,11.7,5.5,0.351
EV01117,2019-05-19,Busan,East Asia,31.22449080936952,126.72429387924325,typhoon_hurricane,0.598,5.8,1.9,0.177
EV00655,2019-05-22,Savannah,North America,32.25769895727329,-80.72228041514074,port_congestion,0.095,6.8,0.4,0.042
EV01125,2019-05-26,Chennai,South Asia,12.791797770901034,78.10937687835326,labor_strike,0.578,12.9,5.5,0.057
EV00689,2019-05-26,Shanghai,East Asia,32.01147399022484,118.94722018813623,typhoon_hurricane,0.068,1.4,0.0,0.006
EV00524,2019-05-26,Houston,North America,28.80041363105485,-97.32820798438334,geopolitical_sanction,0.583,54.9,18.0,0.03
EV01184,2019-05-27,Busan,East Asia,35.504788448713654,129.80124075117752,geopolitical_sanction,0.517,62.5,12.8,0.075
EV00266,2019-05-28,Busan,East Asia,32.33222317468197,127.39585338178416,port_congestion,0.779,16.3,8.3,0.052
EV00567,2019-05-30,Suez Canal,Middle East,28.372409496299362,32.63404568420984,rail_derailment,0.495,0.7,0.2,0.18
EV01020,2019-05-31,Suez Canal,Middle East,30.10979237828109,35.168477136956916,cyberattack,0.365,2.0,0.3,0.076
EV01070,2019-05-31,Oakland,North America,40.272617128146976,-122.11306958371375,labor_strike,0.522,5.9,1.8,0.129
EV00940,2019-06-02,Houston,North America,29.346014489508264,-96.05720071540168,port_congestion,0.271,34.0,5.7,0.082
EV00037,2019-06-03,Panama Canal,Central America,9.41500163233832,-82.10127088160495,earthquake,0.273,26.1,4.5,0.03
EV00159,2019-06-04,Busan,East Asia,33.356920574804,128.9093626880614,typhoon_hurricane,0.27,4.1,0.6,0.059
EV00523,2019-06-09,Los Angeles,North America,32.863646045766444,-119.2520986746741,labor_strike,0.383,14.1,1.7,0.052
EV00676,2019-06-09,Kaohsiung,East Asia,23.668173079653933,120.34044067078425,typhoon_hurricane,0.586,4.1,1.2,0.253
EV00017,2019-06-09,Los Angeles,North America,34.244273235202456,-118.90555671565133,port_congestion,0.218,9.4,1.8,0.09
EV01078,2019-06-15,Ho Chi Minh City,Southeast Asia,7.7412173551171675,107.74986719868785,port_congestion,0.453,20.1,6.5,0.196
EV00229,2019-06-21,Shanghai,East Asia,32.25466515654923,120.82750791634417,typhoon_hurricane,0.188,0.7,0.1,0.05
EV01128,2019-06-21,Shanghai,East Asia,33.11196222546095,118.97157594144609,typhoon_hurricane,0.7,10.3,2.8,0.097
EV00342,2019-06-22,Kaohsiung,East Asia,22.901418209683918,122.08451891658383,geopolitical_sanction,0.271,38.8,3.6,0.109
EV00128,2019-06-27,Rotterdam,Europe,51.006749557423795,4.568197896784497,port_congestion,0.49,18.3,4.3,0.201
EV00849,2019-06-29,Shanghai,East Asia,31.67033087823602,122.1450031655346,earthquake,0.285,7.4,0.9,0.097
EV00056,2019-06-29,Oakland,North America,36.66176715667375,-120.40042879624677,typhoon_hurricane,0.765,7.2,3.8,0.245
EV00185,2019-07-03,Suez Canal,Middle East,31.06149937859095,30.6783756030908,port_congestion,0.317,11.7,1.2,0.111
EV00058,2019-07-03,Chennai,South Asia,11.298554833586863,78.0970685038133,typhoon_hurricane,0.575,5.3,2.1,0.217
EV00422,2019-07-06,Oakland,North America,35.133918148041055,-121.05014922003018,typhoon_hurricane,0.334,7.5,1.2,0.092
EV00433,2019-07-10,Oakland,North America,37.16784556474789,-122.87680825112423,port_congestion,0.14,24.1,2.7,0.052
EV00878,2019-07-15,Los Angeles,North America,33.47546617192392,-117.99642579803125,geopolitical_sanction,0.276,28.8,3.6,0.024
EV00485,2019-07-17,Chennai,South Asia,12.300605252984827,78.13406747021834,labor_strike,0.557,6.2,2.4,0.225
EV01002,2019-07-18,Singapore,Southeast Asia,0.20335568000114423,104.01033374822745,port_congestion,0.238,9.2,0.7,0.098
EV00980,2019-07-23,Oakland,North America,35.02331456244455,-122.20286644326762,geopolitical_sanction,0.782,43.2,25.2,0.089
EV01005,2019-07-23,Oakland,North America,38.00847778234086,-125.73300835445087,typhoon_hurricane,0.471,0.9,0.2,0.091
EV00834,2019-07-31,Manzanillo,North America,18.147109769141636,-104.14361002622739,labor_strike,0.496,0.9,0.2,0.194
EV00537,2019-07-31,Singapore,Southeast Asia,1.8432132328229107,103.77475746170435,typhoon_hurricane,0.742,6.6,3.5,0.09
EV01030,2019-08-03,Suez Canal,Middle East,32.916696797600274,30.847081525951086,typhoon_hurricane,0.603,4.6,1.5,0.094
EV00839,2019-08-06,Kaohsiung,East Asia,24.88601735674655,121.39748672357419,port_congestion,0.444,22.1,4.8,0.055
EV00222,2019-08-08,Los Angeles,North America,33.906899970117216,-118.64714676916604,cyberattack,0.473,5.6,2.1,0.026
EV00753,2019-08-09,Kaohsiung,East Asia,20.385537862535944,121.73735430594718,earthquake,0.4,23.0,3.7,0.043
EV00674,2019-08-10,Busan,East Asia,37.05388112812986,129.89786702206186,cyberattack,0.309,3.5,0.8,0.086
EV00960,2019-08-12,Ho Chi Minh City,Southeast Asia,12.64952499997367,107.44874034761213,geopolitical_sanction,0.74,99.8,23.8,0.329
EV00288,2019-08-13,Ho Chi Minh City,Southeast Asia,11.5728228965369,106.9950023957554,earthquake,0.609,10.3,4.2,0.141
EV00838,2019-08-14,Chennai,South Asia,12.656192417047276,78.80570140877332,labor_strike,0.684,5.1,1.5,0.155
EV00583,2019-08-16,Busan,East Asia,33.37701037836758,127.35506219991436,earthquake,0.792,7.9,4.4,0.319
EV00818,2019-08-16,Rotterdam,Europe,50.566026807722196,4.61431183457269,port_congestion,0.454,4.6,0.9,0.063
EV00258,2019-08-19,Ho Chi Minh City,Southeast Asia,12.713866636294469,106.63629670695273,geopolitical_sanction,0.787,24.6,7.1,0.266
EV00293,2019-08-19,Shenzhen,East Asia,23.886527873353597,111.21766535994992,typhoon_hurricane,0.416,12.3,2.6,0.05
EV00787,2019-08-22,Los Angeles,North America,31.937863434148078,-115.29202244643164,port_congestion,0.394,8.2,2.6,0.131
EV01111,2019-08-23,Singapore,Southeast Asia,3.249553995600351,102.2827587841744,typhoon_hurricane,0.681,24.2,7.5,0.302
EV00440,2019-08-25,Los Angeles,North America,32.86330134526838,-117.93834836089364,port_congestion,0.325,4.0,1.1,0.134
EV01144,2019-08-25,Panama Canal,Central America,8.502662695020714,-80.76539832661497,typhoon_hurricane,0.284,0.8,0.2,0.104
EV00685,2019-08-26,Manzanillo,North America,18.293374820998416,-107.17044898409877,rail_derailment,0.11,1.3,0.0,0.007
EV00942,2019-08-26,Manzanillo,North America,20.80248285459362,-102.80755308949705,port_congestion,0.387,16.2,4.7,0.088
EV01072,2019-08-28,Busan,East Asia,34.54588547672807,127.79142895467923,port_congestion,0.435,13.9,4.3,0.149
EV00859,2019-08-29,Suez Canal,Middle East,29.52974280405103,29.927316249701676,cyberattack,0.332,8.4,0.9,0.079
EV00831,2019-08-31,Manzanillo,North America,24.483357171413697,-102.18782622073697,port_congestion,0.375,25.5,7.4,0.056
EV00861,2019-09-04,Manzanillo,North America,20.640096830667257,-105.74124038717665,labor_strike,0.208,13.7,1.6,0.043
EV00586,2019-09-04,Chennai,South Asia,13.795471308691331,81.77982354747758,port_congestion,0.628,6.1,2.8,0.269
EV00895,2019-09-09,Manzanillo,North America,19.213880495144156,-106.21985331137016,cyberattack,0.4,3.8,0.7,0.029
EV01085,2019-09-10,Panama Canal,Central America,10.98360439398958,-80.92102156813709,labor_strike,0.575,12.2,4.1,0.222
EV00192,2019-09-11,Shanghai,East Asia,30.799544293998952,121.00592622544985,geopolitical_sanction,0.473,28.5,6.0,0.045
EV00910,2019-09-13,Chennai,South Asia,14.18411094243624,78.75733436783494,port_congestion,0.13,2.6,0.2,0.038
EV00596,2019-09-13,Shenzhen,East Asia,20.42999385753982,116.15179640397757,typhoon_hurricane,0.217,5.9,0.5,0.082
EV00773,2019-09-14,Houston,North America,30.860809349474795,-95.80899299955381,port_congestion,0.447,9.3,3.2,0.024
EV01142,2019-09-16,Manzanillo,North America,19.717311530096172,-103.28874172551842,port_congestion,0.13,20.6,1.6,0.018
EV00843,2019-09-17,Los Angeles,North America,30.73791252292105,-118.33475147719956,typhoon_hurricane,0.697,2.5,0.8,0.081
EV00092,2019-09-19,Suez Canal,Middle East,30.45258691041569,33.03048505728884,typhoon_hurricane,0.289,17.5,1.5,0.066
EV00448,2019-09-22,Kaohsiung,East Asia,22.831594300999733,120.48583480086293,rail_derailment,0.318,2.4,0.5,0.057
EV00900,2019-09-23,Busan,East Asia,34.75622701886073,129.41198239863942,earthquake,0.431,10.2,3.7,0.033
EV00604,2019-09-24,Houston,North America,29.747192122682144,-95.12336305567875,geopolitical_sanction,0.101,34.9,1.3,0.032
EV00589,2019-09-26,Manzanillo,North America,20.39525921112536,-105.62631267477158,geopolitical_sanction,0.522,20.6,9.0,0.051
EV00279,2019-09-30,Houston,North America,31.832461318465345,-93.10879535527692,geopolitical_sanction,0.302,30.3,7.5,0.124
EV01038,2019-10-02,Ho Chi Minh City,Southeast Asia,10.552122958165413,106.29055233975402,port_congestion,0.094,8.4,0.3,0.017
EV01073,2019-10-05,Busan,East Asia,36.111914529318376,129.30646763548137,geopolitical_sanction,0.63,19.5,9.7,0.271
EV01159,2019-10-10,Kaohsiung,East Asia,23.96565714084986,121.40096417665194,port_congestion,0.349,5.9,1.2,0.093
EV00196,2019-10-12,Oakland,North America,39.77494679714727,-122.70035218793487,typhoon_hurricane,0.703,6.9,2.6,0.206
EV01077,2019-10-15,Los Angeles,North America,31.80923385129155,-117.91646906891432,typhoon_hurricane,0.688,4.4,2.2,0.112
EV00874,2019-10-15,Shenzhen,East Asia,22.127140979365453,115.5393322667695,labor_strike,0.42,10.5,3.3,0.186
EV00659,2019-10-15,Busan,East Asia,34.52780116035163,128.14324059513882,geopolitical_sanction,0.649,52.5,30.2,0.106
EV00259,2019-10-26,Ho Chi Minh City,Southeast Asia,10.196674244331641,106.11684244748768,port_congestion,0.351,25.0,4.8,0.118
EV01120,2019-10-27,Savannah,North America,32.86625392799025,-78.14210154721889,port_congestion,0.688,20.4,6.2,0.261
EV00588,2019-10-29,Shenzhen,East Asia,24.877014477563943,112.66024948606714,labor_strike,0.292,7.8,0.9,0.03
EV00402,2019-10-31,Chennai,South Asia,10.161276881541944,81.71832878608181,earthquake,0.348,15.0,4.4,0.141
EV01174,2019-11-12,Savannah,North America,32.2161452160959,-81.0490313335249,typhoon_hurricane,0.315,17.5,2.1,0.111
EV00081,2019-11-15,Singapore,Southeast Asia,0.44225621559708106,103.1479078571311,labor_strike,0.538,2.2,0.8,0.11
EV00468,2019-11-17,Busan,East Asia,36.005877063240426,128.99083481184746,earthquake,0.198,11.2,1.4,0.012
EV00377,2019-11-17,Kaohsiung,East Asia,19.85891866439149,116.36272213334507,rail_derailment,0.071,2.2,0.1,0.006
EV00784,2019-11-20,Manzanillo,North America,20.916283964345727,-105.72115601430123,geopolitical_sanction,0.675,51.5,18.7,0.27
EV00010,2019-11-23,Singapore,Southeast Asia,-1.2446310655774626,105.41676123503288,geopolitical_sanction,0.613,57.2,17.5,0.1
EV01164,2019-11-24,Busan,East Asia,34.98195560771146,128.1642672547831,port_congestion,0.594,6.3,2.9,0.201
EV00368,2019-11-24,Oakland,North America,38.62614003363149,-122.04220859410067,port_congestion,0.127,4.2,0.5,0.036
EV00309,2019-11-25,Panama Canal,Central America,8.63592012474396,-76.5381392553005,port_congestion,0.057,9.7,0.5,0.011
EV00067,2019-11-27,Busan,East Asia,34.265314307261136,128.73810931402494,geopolitical_sanction,0.815,16.6,10.2,0.313
EV00022,2019-11-27,Ho Chi Minh City,Southeast Asia,14.557543217525055,108.88277002654773,geopolitical_sanction,0.373,10.9,2.6,0.062
EV00062,2019-11-29,Ho Chi Minh City,Southeast Asia,11.870852258115427,105.38965185939003,port_congestion,0.059,6.9,0.3,0.023
EV00894,2019-12-04,Houston,North America,29.200073234563238,-96.62516021661688,typhoon_hurricane,0.566,8.6,2.3,0.169
EV00574,2019-12-07,Los Angeles,North America,33.71494972736826,-117.93619648257263,rail_derailment,0.244,1.8,0.2,0.069
EV00816,2019-12-10,Shenzhen,East Asia,24.515165423506343,118.04683730664087,typhoon_hurricane,0.252,12.5,2.7,0.093
EV00974,2019-12-10,Kaohsiung,East Asia,19.17787590290323,122.03242567909852,port_congestion,0.406,7.0,1.7,0.164
EV00423,2019-12-12,Singapore,Southeast Asia,0.19494745486837295,102.08198126998269,typhoon_hurricane,0.464,1.8,0.6,0.094
EV00393,2019-12-15,Shanghai,East Asia,28.852144240282502,120.63994652511886,geopolitical_sanction,0.238,34.8,2.6,0.067
EV00775,2019-12-19,Los Angeles,North America,30.429246399031236,-120.80704533678713,geopolitical_sanction,0.469,25.5,9.6,0.074
EV00136,2019-12-20,Chennai,South Asia,15.458014672206515,80.02987242722205,labor_strike,0.437,2.7,0.5,0.042
EV00241,2019-12-23,Shanghai,East Asia,29.47379382195691,124.02670861575754,typhoon_hurricane,0.222,8.5,0.8,0.078
EV00512,2019-12-24,Rotterdam,Europe,51.26759389758984,3.862235045747041,port_congestion,0.043,17.1,0.4,0.013
EV00313,2019-12-25,Singapore,Southeast Asia,2.6144107851265455,104.4187183847027,typhoon_hurricane,0.142,3.0,0.2,0.031
EV01021,2019-12-25,Manzanillo,North America,19.36868150819634,-104.75293220642399,rail_derailment,0.021,2.9,0.0,0.002
EV01089,2019-12-27,Los Angeles,North America,31.787169859621848,-117.75602761439569,rail_derailment,0.045,14.8,0.3,0.018
EV00977,2019-12-28,Savannah,North America,34.224739778792845,-83.17865484316154,typhoon_hurricane,0.3,7.3,1.1,0.071
EV00019,2019-12-29,Suez Canal,Middle East,30.896511355107833,31.535902665769914,canal_blockage,0.679,7.4,3.4,0.168
EV01061,2020-01-05,Kaohsiung,East Asia,20.720707963385813,123.73402086113013,typhoon_hurricane,0.479,3.9,1.3,0.196
EV00899,2020-01-05,Oakland,North America,39.18664360182181,-122.7410169781044,canal_blockage,0.339,15.9,4.1,0.133
EV00411,2020-01-12,Shanghai,East Asia,28.940597326030232,121.21965081206883,port_congestion,0.605,12.6,4.0,0.092
EV01119,2020-01-12,Busan,East Asia,35.61060487393756,129.34075587631426,port_congestion,0.101,9.2,0.6,0.015
EV00194,2020-01-13,Manzanillo,North America,21.068026556301607,-102.011545464737,port_congestion,0.567,2.3,0.6,0.179
EV00412,2020-01-14,Kaohsiung,East Asia,19.712039142791852,119.6121951528721,port_congestion,0.317,9.1,2.3,0.139
EV00608,2020-01-14,Singapore,Southeast Asia,0.5310628425056332,104.25776068451056,typhoon_hurricane,0.335,5.4,1.1,0.14
EV00926,2020-01-20,Shanghai,East Asia,31.481503170063622,121.05709783304427,typhoon_hurricane,0.063,7.9,0.3,0.006
EV01151,2020-01-20,Shanghai,East Asia,30.4661840069309,119.6348369509727,geopolitical_sanction,0.425,65.0,17.7,0.123
EV00629,2020-01-22,Ho Chi Minh City,Southeast Asia,10.934650323000463,105.73247437814875,geopolitical_sanction,0.234,104.4,18.2,0.044
EV00760,2020-01-29,Los Angeles,North America,33.54654199433338,-116.67709838854846,typhoon_hurricane,0.09,4.2,0.2,0.04
EV00036,2020-02-01,Manzanillo,North America,16.742588150523492,-103.63380577438163,typhoon_hurricane,0.45,4.6,1.1,0.176
EV01110,2020-02-02,Savannah,North America,32.5429134394903,-82.58637542027608,labor_strike,0.416,5.6,0.9,0.065
EV00103,2020-02-04,Rotterdam,Europe,52.02841110243899,3.3369302308101174,rail_derailment,0.043,1.9,0.1,0.008
EV00235,2020-02-05,Busan,East Asia,37.26416060180101,129.98425292078602,port_congestion,0.212,17.9,1.2,0.093
EV00068,2020-02-05,Savannah,North America,34.83271425793864,-82.18869222079752,port_congestion,0.744,9.0,5.2,0.268
EV00695,2020-02-06,Houston,North America,30.039225427939915,-95.58017599319592,geopolitical_sanction,0.81,52.7,22.2,0.049
EV01007,2020-02-07,Suez Canal,Middle East,29.60747107115215,29.854124237735988,typhoon_hurricane,0.424,5.6,1.8,0.024
EV00804,2020-02-07,Rotterdam,Europe,53.54069312964902,4.434948631518229,geopolitical_sanction,0.399,41.3,13.4,0.066
EV01059,2020-02-11,Singapore,Southeast Asia,2.261421991212362,105.90195000972456,port_congestion,0.669,20.9,8.5,0.154
EV00998,2020-02-13,Shenzhen,East Asia,23.068785794793985,112.24501033266964,port_congestion,0.44,57.9,20.9,0.112
EV01136,2020-02-17,Busan,East Asia,35.90498361213421,127.78345108900847,port_congestion,0.196,4.1,0.6,0.05
EV01198,2020-02-17,Rotterdam,Europe,52.770967516125864,4.1971702509362965,rail_derailment,0.103,2.9,0.1,0.011
EV00100,2020-02-17,Manzanillo,North America,21.24810104722944,-107.21241673394816,labor_strike,0.309,4.0,1.1,0.077
EV00710,2020-02-19,Busan,East Asia,34.7132317226141,128.40773542116898,typhoon_hurricane,0.187,5.1,0.7,0.063
EV00190,2020-02-22,Chennai,South Asia,14.221812920933191,79.70132219685824,geopolitical_sanction,0.063,43.4,1.1,0.022
EV00984,2020-02-25,Singapore,Southeast Asia,3.4263020143773892,105.46758004324543,typhoon_hurricane,0.827,7.3,3.9,0.212
EV00887,2020-02-26,Houston,North America,29.369753389541092,-94.32778731585282,cyberattack,0.162,12.7,0.7,0.053
EV00336,2020-02-28,Ho Chi Minh City,Southeast Asia,9.603180181141953,105.51995460080202,geopolitical_sanction,0.653,14.3,4.4,0.231
EV00969,2020-02-29,Ho Chi Minh City,Southeast Asia,9.973855957070898,107.9721121166504,port_congestion,0.277,9.1,1.1,0.032
EV00025,2020-02-29,Kaohsiung,East Asia,21.4945236385453,118.54629977438954,port_congestion,0.057,7.6,0.3,0.02
EV00937,2020-03-03,Chennai,South Asia,11.52562980852922,78.62248093579842,cyberattack,0.361,0.8,0.2,0.154
EV01082,2020-03-04,Singapore,Southeast Asia,1.986117336359253,102.9884766205337,canal_blockage,0.674,8.7,3.7,0.179
EV00672,2020-03-05,Oakland,North America,38.84490917928083,-122.22654691130265,canal_blockage,0.893,5.6,2.3,0.092
EV01134,2020-03-10,Chennai,South Asia,13.48407817828331,80.3606145566767,typhoon_hurricane,0.693,7.2,2.1,0.131
EV00472,2020-03-10,Suez Canal,Middle East,31.137215593867403,33.85224462448412,typhoon_hurricane,0.927,4.3,2.6,0.194
EV00300,2020-03-12,Los Angeles,North America,33.22581120772606,-117.39199787919686,port_congestion,0.436,2.9,0.8,0.096
EV01083,2020-03-17,Panama Canal,Central America,8.45974034431976,-82.11630690462131,port_congestion,0.571,11.4,3.0,0.18
EV00952,2020-03-17,Los Angeles,North America,33.96265568722735,-118.56468446765854,typhoon_hurricane,0.487,5.7,1.4,0.204
EV00545,2020-03-17,Chennai,South Asia,12.474801149127021,83.73849352401109,typhoon_hurricane,0.142,1.7,0.1,0.015
EV00768,2020-03-21,Suez Canal,Middle East,29.84208758333502,29.610936449341068,typhoon_hurricane,0.636,23.2,9.4,0.117
EV00597,2020-03-27,Los Angeles,North America,35.65729801710399,-119.72237037220607,geopolitical_sanction,0.279,77.5,12.3,0.081
EV00581,2020-03-31,Shenzhen,East Asia,21.733104973947288,114.44269556788713,port_congestion,0.134,2.2,0.2,0.008
EV01042,2020-03-31,Singapore,Southeast Asia,0.9370125779710068,103.559612379928,port_congestion,0.313,15.9,2.3,0.106
EV00703,2020-04-01,Shenzhen,East Asia,21.451795050787794,115.45725988988477,labor_strike,0.239,14.6,2.8,0.039
EV00867,2020-04-05,Rotterdam,Europe,52.01162888530442,5.5659680615013185,port_congestion,0.221,9.2,0.9,0.012
EV00408,2020-04-08,Los Angeles,North America,34.15244695960375,-115.32392756274874,port_congestion,0.638,12.9,4.3,0.257
EV00813,2020-04-10,Rotterdam,Europe,50.603780849555655,3.6209663822510207,port_congestion,0.564,11.1,5.5,0.138
EV00456,2020-04-10,Houston,North America,30.159339038151828,-95.30359516169806,labor_strike,0.225,13.8,1.1,0.075
EV00528,2020-04-11,Oakland,North America,38.631877240598556,-120.15887595481433,cyberattack,0.467,0.7,0.2,0.164
EV00702,2020-04-14,Suez Canal,Middle East,33.305700018453244,32.31097176955104,port_congestion,0.17,14.8,2.0,0.014
EV00233,2020-04-17,Oakland,North America,37.142179689335435,-125.31481383614062,earthquake,0.652,15.9,7.5,0.079
EV01168,2020-04-19,Singapore,Southeast Asia,1.4663918055183054,104.27651140911816,rail_derailment,0.356,1.2,0.2,0.151
EV00430,2020-04-20,Singapore,Southeast Asia,2.6978296476631085,104.59509514771374,labor_strike,0.056,5.2,0.1,0.021
EV00127,2020-04-20,Busan,East Asia,34.45067254709002,127.4520080995028,geopolitical_sanction,0.1,13.3,0.4,0.035
EV00250,2020-04-23,Kaohsiung,East Asia,21.211917210996234,123.2223948368891,geopolitical_sanction,0.526,13.3,6.1,0.133
EV00780,2020-04-25,Oakland,North America,36.994064904284244,-121.72531683951976,earthquake,0.517,13.7,2.2,0.221
EV00563,2020-04-25,Ho Chi Minh City,Southeast Asia,11.944081418538484,105.33824069522565,port_congestion,0.657,24.6,14.3,0.052
EV00694,2020-04-25,Kaohsiung,East Asia,20.180888098456403,118.943628882123,port_congestion,0.231,3.3,0.3,0.035
EV00213,2020-04-26,Rotterdam,Europe,52.127819101540375,4.0255712446134275,typhoon_hurricane,0.224,13.1,1.0,0.018
EV00611,2020-04-29,Chennai,South Asia,11.84839861072328,80.28914227824265,port_congestion,0.621,19.1,5.7,0.254
EV01047,2020-04-30,Suez Canal,Middle East,30.549879145714872,31.67576055923314,canal_blockage,0.515,11.2,5.2,0.201
EV00893,2020-05-01,Los Angeles,North America,34.98502180255249,-121.83375313278837,port_congestion,0.136,8.3,0.6,0.019
EV00362,2020-05-01,Manzanillo,North America,20.18180640176717,-103.46505324778705,port_congestion,0.237,11.8,2.1,0.023
EV00571,2020-05-03,Busan,East Asia,34.82535121797856,128.14027211166288,rail_derailment,0.198,2.6,0.4,0.047
EV00347,2020-05-05,Busan,East Asia,35.18082587317349,128.16207691175572,rail_derailment,0.331,0.1,0.0,0.087
EV00098,2020-05-06,Panama Canal,Central America,9.892810526259948,-79.40100914171225,earthquake,0.631,61.9,16.6,0.159
EV00534,2020-05-07,Manzanillo,North America,21.08023193538995,-102.61613184473688,geopolitical_sanction,0.806,127.8,51.2,0.138
EV00396,2020-05-08,Rotterdam,Europe,53.12480222879461,5.549524870492164,rail_derailment,0.35,0.6,0.1,0.023
EV00549,2020-05-09,Ho Chi Minh City,Southeast Asia,11.992639600507223,106.46093665162938,typhoon_hurricane,0.462,15.1,5.9,0.049
EV01195,2020-05-15,Manzanillo,North America,21.32372863597387,-104.79687094810106,rail_derailment,0.337,2.6,0.7,0.078
EV00014,2020-05-17,Suez Canal,Middle East,30.691482633167922,31.929113228354986,port_congestion,0.309,3.4,0.6,0.044
EV00679,2020-05-20,Shanghai,East Asia,33.2323528673974,123.13224890265417,port_congestion,0.231,28.9,3.3,0.031
EV00538,2020-05-21,Los Angeles,North America,29.536021567352776,-118.67179010990682,rail_derailment,0.109,2.1,0.1,0.029
EV00060,2020-05-22,Kaohsiung,East Asia,22.372351076746487,120.65863090230813,port_congestion,0.213,5.6,0.9,0.029
EV00796,2020-05-27,Ho Chi Minh City,Southeast Asia,11.94352577410183,107.17846841304036,typhoon_hurricane,0.505,8.2,2.6,0.139
EV00381,2020-05-30,Busan,East Asia,37.2848743658571,129.95060393396744,earthquake,0.409,16.4,4.8,0.042
EV00242,2020-05-31,Oakland,North America,39.2814226189636,-123.64711824459647,labor_strike,0.243,6.1,1.3,0.054
EV00961,2020-06-01,Singapore,Southeast Asia,1.0883991042030443,103.30165563140064,port_congestion,0.405,6.2,1.8,0.062
EV00460,2020-06-02,Ho Chi Minh City,Southeast Asia,12.501643511093318,106.88973301067506,cyberattack,0.215,5.0,1.0,0.028
EV00914,2020-06-04,Singapore,Southeast Asia,-1.0964906622001398,103.63335957462502,typhoon_hurricane,0.548,1.0,0.2,0.08
EV00453,2020-06-04,Panama Canal,Central America,8.075704598157369,-80.4883841983364,typhoon_hurricane,0.554,3.5,0.6,0.064
EV00239,2020-06-12,Oakland,North America,36.354629700343985,-123.47502931397676,earthquake,0.599,24.1,12.1,0.224
EV00226,2020-06-14,Chennai,South Asia,11.732769064533914,81.075488792822,port_congestion,0.565,35.7,7.1,0.18
EV00267,2020-06-15,Singapore,Southeast Asia,4.17261776373561,103.8502315744879,labor_strike,0.414,14.1,4.9,0.161
EV00380,2020-06-15,Savannah,North America,30.56523663401796,-81.19279116718964,typhoon_hurricane,0.501,5.4,1.7,0.221
EV00772,2020-06-15,Oakland,North America,39.7348399505105,-123.72265994496819,port_congestion,0.238,7.5,1.2,0.066
EV00562,2020-06-18,Ho Chi Minh City,Southeast Asia,11.671994705093784,104.90251968840406,geopolitical_sanction,0.369,53.2,8.9,0.132
EV00642,2020-06-18,Shenzhen,East Asia,21.86868196118139,112.96693722184665,labor_strike,0.144,11.1,0.9,0.035
EV00111,2020-06-20,Busan,East Asia,37.40964900577181,127.10523957368879,port_congestion,0.087,2.6,0.1,0.035
EV00059,2020-06-23,Suez Canal,Middle East,28.84632428235416,31.23711848253026,port_congestion,0.146,37.8,2.7,0.06
EV01025,2020-06-25,Shanghai,East Asia,33.60833858297738,117.53672046873525,port_congestion,0.157,30.4,3.9,0.02
EV00681,2020-06-26,Singapore,Southeast Asia,-0.9862437606811896,106.54323226051375,port_congestion,0.579,23.7,10.8,0.096
EV00263,2020-06-28,Rotterdam,Europe,50.1853736854199,5.811113466280971,typhoon_hurricane,0.485,4.0,1.3,0.11
EV01086,2020-06-29,Oakland,North America,37.55363721462502,-125.05480981081115,cyberattack,0.412,2.2,0.4,0.132
EV00720,2020-07-03,Oakland,North America,37.524451879015864,-122.44833005251195,cyberattack,0.269,2.8,0.5,0.1
EV00820,2020-07-06,Chennai,South Asia,12.839880494328057,79.5231651803546,typhoon_hurricane,0.25,9.7,2.0,0.028
EV00121,2020-07-07,Panama Canal,Central America,10.143632776987934,-77.33696600991422,rail_derailment,0.698,4.8,1.8,0.189
EV00809,2020-07-09,Shenzhen,East Asia,23.00503890003559,113.64971878048244,cyberattack,0.807,9.2,6.3,0.289
EV00272,2020-07-10,Kaohsiung,East Asia,24.45114009594441,121.5377428153026,port_congestion,0.398,22.2,5.4,0.132
EV00234,2020-07-12,Panama Canal,Central America,10.978897784424012,-79.4850685255693,port_congestion,0.224,6.6,1.1,0.095
EV01043,2020-07-12,Panama Canal,Central America,11.32871660397027,-77.20762310770762,labor_strike,0.548,3.8,1.6,0.171
EV00997,2020-07-12,Suez Canal,Middle East,32.46392218164505,31.125825038030598,labor_strike,0.539,3.5,0.7,0.178
EV00252,2020-07-13,Busan,East Asia,34.23659017510175,128.7886163364112,port_congestion,0.226,14.6,2.6,0.055
EV01157,2020-07-13,Los Angeles,North America,33.6293330640981,-116.90229144315904,port_congestion,0.054,22.9,0.7,0.006
EV00135,2020-07-15,Shenzhen,East Asia,23.071269385564484,113.85483549136298,labor_strike,0.711,10.4,3.9,0.15
EV01176,2020-07-17,Ho Chi Minh City,Southeast Asia,10.338170525192035,106.06714632748859,geopolitical_sanction,0.375,38.6,8.0,0.07
EV00278,2020-07-21,Houston,North America,29.58656273005441,-93.4304126656998,port_congestion,0.564,16.6,4.1,0.034
EV00847,2020-07-22,Manzanillo,North America,21.3134304354275,-105.70442287643584,geopolitical_sanction,0.257,97.8,10.8,0.089
EV01035,2020-07-22,Manzanillo,North America,20.276949556110893,-104.0537614607062,port_congestion,0.588,7.3,1.4,0.11
EV00078,2020-07-22,Panama Canal,Central America,9.52084359112811,-81.32705348293769,rail_derailment,0.117,6.3,0.4,0.041
EV00577,2020-07-23,Los Angeles,North America,34.627149783707004,-120.78376979255876,geopolitical_sanction,0.709,7.0,3.6,0.244
EV01102,2020-07-24,Kaohsiung,East Asia,20.37148243823879,117.95666646983113,port_congestion,0.439,3.1,1.1,0.142
EV00338,2020-07-26,Shenzhen,East Asia,24.768225507339334,112.54448545638014,port_congestion,0.239,26.6,2.9,0.045
EV00941,2020-07-28,Shanghai,East Asia,30.860756099139394,121.52182607958387,port_congestion,0.071,3.1,0.1,0.025
EV01101,2020-07-29,Chennai,South Asia,10.464711616716139,80.74856860506422,cyberattack,0.478,2.9,0.7,0.162
EV01093,2020-07-30,Kaohsiung,East Asia,21.07214646193928,120.29723198587538,geopolitical_sanction,0.505,39.5,10.2,0.159
EV00232,2020-08-04,Los Angeles,North America,34.18972974012738,-116.41529405275017,typhoon_hurricane,0.46,2.6,0.6,0.128
EV01155,2020-08-08,Panama Canal,Central America,8.50823454765596,-81.78712921105605,port_congestion,0.612,7.2,3.7,0.209
EV00767,2020-08-09,Shanghai,East Asia,31.294675863981194,121.14306661715891,labor_strike,0.02,12.1,0.1,0.008
EV00327,2020-08-09,Shenzhen,East Asia,23.14500957627124,112.88714462650238,labor_strike,0.31,13.6,3.2,0.06
EV00836,2020-08-10,Chennai,South Asia,10.229385395341883,78.12514904978049,typhoon_hurricane,0.497,7.0,2.4,0.156
EV00955,2020-08-10,Rotterdam,Europe,50.86494503509882,5.767926695933198,port_congestion,0.132,11.9,1.1,0.037
EV00526,2020-08-10,Suez Canal,Middle East,29.824296079099614,33.26641292939674,rail_derailment,0.136,1.0,0.1,0.056
EV00315,2020-08-11,Ho Chi Minh City,Southeast Asia,9.449145219754772,107.57706763737029,port_congestion,0.426,6.7,1.0,0.191
EV00950,2020-08-11,Oakland,North America,38.74344716401398,-122.11960197512923,rail_derailment,0.161,3.7,0.2,0.02
EV00990,2020-08-14,Shenzhen,East Asia,19.895680057536705,112.68612253180198,typhoon_hurricane,0.571,13.9,5.7,0.207
EV01062,2020-08-14,Ho Chi Minh City,Southeast Asia,12.174115413120742,106.69470990856865,rail_derailment,0.208,1.8,0.3,0.047
EV00183,2020-08-14,Houston,North America,30.644102871703968,-93.29707197038172,geopolitical_sanction,0.64,3.6,1.8,0.207
EV00179,2020-08-18,Kaohsiung,East Asia,22.811073834777197,117.15900809810286,port_congestion,0.417,5.3,1.9,0.043
EV00759,2020-08-18,Houston,North America,29.79109867102393,-94.73549756680569,port_congestion,0.65,19.4,5.2,0.196
EV00462,2020-08-19,Shenzhen,East Asia,22.238218931234098,114.66888607310314,geopolitical_sanction,0.733,12.7,6.0,0.111
EV00826,2020-08-19,Kaohsiung,East Asia,23.900839876605662,118.52855852749742,port_congestion,0.281,10.7,2.5,0.069
EV01019,2020-08-19,Singapore,Southeast Asia,0.3847713259835135,105.09199674003733,cyberattack,0.302,10.1,2.6,0.116
EV00644,2020-08-23,Ho Chi Minh City,Southeast Asia,13.040860304509447,104.4220385476579,labor_strike,0.476,10.1,4.3,0.202
EV00513,2020-08-24,Shenzhen,East Asia,20.73857469358396,117.22814539778742,labor_strike,0.324,24.1,3.5,0.023
EV00923,2020-08-27,Los Angeles,North America,36.53504252111678,-118.3439448351278,earthquake,0.146,7.5,0.9,0.058
EV00332,2020-08-29,Busan,East Asia,35.27122999004944,129.96424908084222,geopolitical_sanction,0.397,12.0,4.2,0.157
EV00337,2020-08-31,Singapore,Southeast Asia,1.5699185536098321,103.258888384046,labor_strike,0.099,2.5,0.1,0.034
EV00647,2020-09-03,Oakland,North America,36.8934080622795,-121.07502180554137,earthquake,0.727,6.0,1.8,0.12
EV01075,2020-09-05,Singapore,Southeast Asia,4.3409427365051565,103.13070088847023,port_congestion,0.22,8.5,0.7,0.076
EV00202,2020-09-06,Shenzhen,East Asia,20.817823941236195,114.7673911227305,rail_derailment,0.11,1.5,0.1,0.028
EV00777,2020-09-07,Oakland,North America,37.443523564953935,-120.75253658483531,rail_derailment,0.495,1.2,0.3,0.093
EV01158,2020-09-10,Savannah,North America,32.90315630977706,-81.13000424828562,geopolitical_sanction,0.398,31.0,10.2,0.176
EV00556,2020-09-11,Shenzhen,East Asia,22.296986059897172,113.1739947054675,earthquake,0.498,12.0,2.2,0.143
EV01053,2020-09-11,Kaohsiung,East Asia,22.644769549734214,119.10715092783776,geopolitical_sanction,0.768,24.4,13.7,0.262
EV00493,2020-09-12,Busan,East Asia,36.38217541480733,126.94390325304018,geopolitical_sanction,0.632,42.2,21.6,0.101
EV00584,2020-09-13,Shanghai,East Asia,32.859343033695524,123.16076162853197,geopolitical_sanction,0.686,115.5,50.7,0.308
EV00514,2020-09-13,Ho Chi Minh City,Southeast Asia,10.46518267780977,106.43243836431319,cyberattack,0.593,2.9,1.0,0.103
EV00504,2020-09-15,Singapore,Southeast Asia,-0.7022532937280916,102.92800370656077,port_congestion,0.342,10.0,1.8,0.078
EV01154,2020-09-18,Savannah,North America,30.37659313248234,-77.30209204764128,port_congestion,0.536,8.7,3.2,0.175
EV00357,2020-09-19,Manzanillo,North America,20.091247263497994,-103.7137924654956,geopolitical_sanction,0.435,1.2,0.3,0.154
EV00188,2020-10-01,Suez Canal,Middle East,32.218891516119825,32.59609855824739,port_congestion,0.222,40.4,6.5,0.074
EV00090,2020-10-02,Shanghai,East Asia,32.316634052702234,122.07111713451347,typhoon_hurricane,0.718,8.4,1.8,0.28
EV00699,2020-10-06,Ho Chi Minh City,Southeast Asia,8.988549363870089,105.47735779507056,rail_derailment,0.463,4.2,1.6,0.186
EV00897,2020-10-06,Rotterdam,Europe,50.31806084719742,5.018746442967172,port_congestion,0.185,33.4,2.8,0.055
EV01013,2020-10-06,Ho Chi Minh City,Southeast Asia,12.744455792791621,105.0152566012334,earthquake,0.813,17.7,5.2,0.357
EV00713,2020-10-12,Oakland,North America,35.74256358542756,-122.9312716382917,canal_blockage,0.805,3.9,1.2,0.066
EV01018,2020-10-12,Suez Canal,Middle East,29.847692813357305,29.442027010116767,typhoon_hurricane,0.249,3.4,0.5,0.094
EV00256,2020-10-13,Shenzhen,East Asia,21.14641733153915,111.47368692488374,earthquake,0.847,0.8,0.2,0.186
EV01098,2020-10-20,Shenzhen,East Asia,22.570504372394137,112.50081560042338,port_congestion,0.716,9.2,5.3,0.052
EV00939,2020-10-23,Manzanillo,North America,17.943152204438107,-104.09792847371835,port_congestion,0.614,14.0,7.0,0.187
EV00507,2020-11-02,Kaohsiung,East Asia,21.138148511384447,122.08193679705055,port_congestion,0.323,5.0,0.7,0.122
EV01193,2020-11-03,Shanghai,East Asia,30.38356212202994,120.95721793944941,port_congestion,0.039,24.4,0.5,0.01
EV00247,2020-11-04,Suez Canal,Middle East,31.392086230144816,34.82184661175751,port_congestion,0.521,3.9,1.5,0.098
EV00420,2020-11-05,Rotterdam,Europe,52.24802118704454,3.964310200183179,canal_blockage,0.637,5.9,2.5,0.132
EV01140,2020-11-07,Suez Canal,Middle East,29.690653812563685,29.23629766812843,canal_blockage,0.795,3.4,1.8,0.352
EV01001,2020-11-13,Chennai,South Asia,14.559292864904085,79.847834269989,labor_strike,0.542,27.4,11.4,0.064
EV00962,2020-11-16,Panama Canal,Central America,10.777145878564,-78.77523018755696,canal_blockage,0.841,5.7,2.3,0.292
EV00238,2020-11-17,Oakland,North America,39.1583525055319,-121.30129825763395,port_congestion,0.432,2.9,0.8,0.044
EV00691,2020-11-19,Savannah,North America,34.245396017180575,-80.44088583190538,typhoon_hurricane,0.336,8.3,1.2,0.084
EV00741,2020-11-21,Busan,East Asia,33.67912921554558,128.39703121975654,earthquake,0.257,1.2,0.1,0.082
EV00503,2020-11-22,Rotterdam,Europe,52.35707161646473,2.3429777421728284,cyberattack,0.325,5.9,0.9,0.077
EV00579,2020-11-30,Houston,North America,29.846556295545728,-94.75944773501615,port_congestion,0.352,9.1,2.5,0.151
EV00774,2020-12-04,Shenzhen,East Asia,20.555855664870567,113.69170641482727,rail_derailment,0.28,2.7,0.6,0.045
EV00281,2020-12-09,Los Angeles,North America,32.86556454982497,-117.8021657340308,earthquake,0.488,20.0,3.1,0.052
EV00896,2020-12-09,Shenzhen,East Asia,23.46490122641963,114.00251145614502,port_congestion,0.424,11.7,2.1,0.122
EV01032,2020-12-15,Kaohsiung,East Asia,25.245981635023618,119.66100733750947,canal_blockage,0.66,2.1,0.7,0.223
EV00087,2020-12-16,Oakland,North America,39.08815187190991,-122.54764494971703,typhoon_hurricane,0.156,4.4,0.4,0.037
EV00692,2020-12-16,Singapore,Southeast Asia,3.8526489601642258,103.98919800785401,canal_blockage,0.425,14.1,2.0,0.136
EV00540,2020-12-17,Suez Canal,Middle East,30.930088766684783,29.702442128401042,labor_strike,0.171,30.6,3.6,0.034
EV00451,2020-12-20,Shenzhen,East Asia,25.23566512790237,117.18118209317231,labor_strike,0.299,3.5,0.4,0.129
EV00114,2020-12-25,Chennai,South Asia,13.686993736936389,79.60003156923106,typhoon_hurricane,0.109,12.2,0.5,0.019
EV01129,2020-12-27,Singapore,Southeast Asia,3.664695287225242,105.17909883857378,labor_strike,0.535,21.1,7.3,0.063
EV01137,2020-12-27,Chennai,South Asia,13.722000674781013,81.82090129396867,geopolitical_sanction,0.537,12.1,5.0,0.127
EV00494,2020-12-27,Busan,East Asia,36.34111372215538,130.5256666320828,typhoon_hurricane,0.515,10.5,4.1,0.219
EV00643,2020-12-27,Busan,East Asia,35.97427188537062,128.3993244356343,port_congestion,0.553,7.8,3.7,0.19
EV01104,2020-12-28,Suez Canal,Middle East,29.95756822032351,35.62767597702126,port_congestion,0.19,10.1,0.7,0.071
EV00502,2020-12-28,Panama Canal,Central America,10.194554173968159,-80.08423204670027,port_congestion,0.476,8.5,3.4,0.077
EV00214,2020-12-28,Singapore,Southeast Asia,1.2647104425287319,106.11953906975813,typhoon_hurricane,0.449,10.0,3.3,0.054
EV00640,2020-12-30,Houston,North America,26.66667859339619,-94.47846104726555,port_congestion,0.253,20.0,1.8,0.063
EV00210,2021-01-03,Manzanillo,North America,20.450509034500705,-105.04441049352019,geopolitical_sanction,0.641,7.7,2.5,0.088
EV00721,2021-01-09,Kaohsiung,East Asia,22.402713845086843,119.65462849867495,typhoon_hurricane,0.241,2.2,0.5,0.05
EV00903,2021-01-12,Panama Canal,Central America,10.374101028789216,-83.33425255344223,port_congestion,0.508,23.3,6.3,0.196
EV00756,2021-01-15,Chennai,South Asia,14.041801259330423,82.56564475086398,port_congestion,0.108,11.1,0.6,0.006
EV00048,2021-01-17,Chennai,South Asia,10.907989908873269,79.31164891133916,port_congestion,0.078,6.4,0.3,0.014
EV00605,2021-01-19,Los Angeles,North America,33.97593450627357,-120.56968349920115,geopolitical_sanction,0.393,49.9,7.6,0.083
EV00668,2021-01-20,Chennai,South Asia,14.860463460207193,76.83459849463704,typhoon_hurricane,0.561,3.1,0.9,0.082
EV00544,2021-01-22,Shanghai,East Asia,31.421563214560315,122.97269623256216,port_congestion,0.197,7.9,0.8,0.015
EV00175,2021-01-27,Ho Chi Minh City,Southeast Asia,12.281008799611744,104.9848142107617,port_congestion,0.279,26.7,4.6,0.032
EV00646,2021-01-29,Houston,North America,32.51450043716295,-96.63258767971278,canal_blockage,0.755,3.7,1.5,0.227
EV01046,2021-01-30,Singapore,Southeast Asia,-0.11458588995302654,102.40293322240973,labor_strike,0.386,8.3,1.6,0.053
EV00778,2021-02-01,Savannah,North America,35.50266778995646,-82.01255205824351,geopolitical_sanction,0.853,12.2,7.7,0.049
EV00144,2021-02-05,Suez Canal,Middle East,28.340467008577306,33.28645743045513,rail_derailment,0.153,13.2,0.7,0.031
EV00253,2021-02-05,Busan,East Asia,36.7543463643172,130.25067529971398,port_congestion,0.406,9.7,2.2,0.074
EV00057,2021-02-08,Panama Canal,Central America,8.719803617724343,-77.86614757469162,port_congestion,0.112,6.1,0.3,0.02
EV00246,2021-02-08,Savannah,North America,31.48552448483629,-82.89371841385962,labor_strike,0.332,16.4,4.8,0.108
EV00125,2021-02-08,Manzanillo,North America,17.970823042880376,-103.00339326165671,port_congestion,0.416,6.4,0.8,0.024
EV00439,2021-02-09,Los Angeles,North America,35.078064257239625,-116.64021508455785,port_congestion,0.459,8.4,3.0,0.15
EV01033,2021-02-13,Shanghai,East Asia,31.365083365971532,120.80895167728694,cyberattack,0.711,3.9,2.4,0.315
EV00665,2021-02-14,Los Angeles,North America,31.544141668606173,-117.43805177894544,port_congestion,0.27,20.9,2.7,0.072
EV00890,2021-02-15,Los Angeles,North America,34.221843934868545,-116.89333985588836,typhoon_hurricane,0.68,3.4,0.9,0.264
EV00075,2021-02-17,Shanghai,East Asia,32.87574526719674,122.13789323911138,rail_derailment,0.491,1.9,0.3,0.031
EV00101,2021-02-19,Ho Chi Minh City,Southeast Asia,10.095840894615208,109.082692445002,cyberattack,0.593,6.4,1.5,0.214
EV00881,2021-02-24,Rotterdam,Europe,54.12178596838545,5.041808942463823,labor_strike,0.262,17.2,3.8,0.054
EV00359,2021-02-24,Shenzhen,East Asia,22.251322863394904,113.74929012242147,port_congestion,0.47,10.6,3.6,0.202
EV00095,2021-02-24,Rotterdam,Europe,51.692983110611394,6.994273825445745,labor_strike,0.661,2.6,0.9,0.182
EV00651,2021-03-04,Shenzhen,East Asia,22.052148049657198,114.40320928104035,port_congestion,0.308,0.8,0.2,0.041
EV00195,2021-03-04,Ho Chi Minh City,Southeast Asia,9.792310652008577,107.51572444096679,labor_strike,0.179,7.3,1.1,0.043
EV01015,2021-03-08,Rotterdam,Europe,49.761796000219675,2.8461188035806155,port_congestion,0.392,11.9,2.8,0.075
EV00475,2021-03-08,Kaohsiung,East Asia,21.40243043423701,122.12284823391262,geopolitical_sanction,0.495,17.2,5.4,0.146
EV00800,2021-03-10,Savannah,North America,35.518848002574885,-82.29762628188968,typhoon_hurricane,0.518,1.9,0.8,0.081
EV00638,2021-03-10,Shanghai,East Asia,31.218035029500836,119.89290283314932,canal_blockage,0.785,13.8,4.0,0.042
EV00182,2021-03-11,Savannah,North America,31.86134844829029,-77.29054644663742,port_congestion,0.245,14.1,1.9,0.038
EV00614,2021-03-12,Ho Chi Minh City,Southeast Asia,12.910897391790606,108.2125239234334,geopolitical_sanction,0.838,74.7,46.4,0.067
EV00051,2021-03-14,Suez Canal,Middle East,28.823430851409736,32.47716538345371,port_congestion,0.411,4.4,1.5,0.079
EV00295,2021-03-15,Chennai,South Asia,12.651379677003792,79.60939092484956,rail_derailment,0.192,1.1,0.2,0.035
EV01092,2021-03-18,Kaohsiung,East Asia,22.437910305165932,124.18609713376223,port_congestion,0.298,3.4,0.8,0.118
EV00515,2021-03-18,Los Angeles,North America,35.05468392453564,-117.41277301307402,rail_derailment,0.685,5.2,2.2,0.174
EV00360,2021-03-20,Houston,North America,29.741981871906173,-94.0097511701501,typhoon_hurricane,0.245,12.7,2.0,0.036
EV01150,2021-03-25,Singapore,Southeast Asia,-0.981900203061854,104.54595086659141,geopolitical_sanction,0.87,29.8,15.5,0.104
EV00749,2021-03-26,Kaohsiung,East Asia,21.08789910240316,120.44825194169738,canal_blockage,0.839,7.0,3.9,0.232
EV01191,2021-03-30,Suez Canal,Middle East,30.281495166589984,35.5649571741107,typhoon_hurricane,0.532,5.7,1.0,0.164
EV00086,2021-03-31,Savannah,North America,32.38788908780535,-81.46258059210308,rail_derailment,0.19,5.1,0.5,0.018
EV00191,2021-04-05,Los Angeles,North America,32.530600976659244,-117.86496731848605,port_congestion,0.676,3.0,1.4,0.222
EV00572,2021-04-06,Singapore,Southeast Asia,1.952774123006345,101.85986867125234,port_congestion,0.509,6.9,2.8,0.078
EV00957,2021-04-07,Chennai,South Asia,15.551022237843844,81.65643100938955,rail_derailment,0.189,2.1,0.2,0.034
EV00240,2021-04-08,Savannah,North America,32.320413528138864,-82.01623746167846,port_congestion,0.344,3.8,1.2,0.076
EV00625,2021-04-08,Rotterdam,Europe,51.76766480307315,6.317156009376592,labor_strike,0.25,8.6,1.2,0.11
EV00842,2021-04-11,Suez Canal,Middle East,32.63738015565525,32.08474482501487,geopolitical_sanction,0.51,21.0,7.1,0.119
EV01107,2021-04-11,Busan,East Asia,32.98433010290136,130.06333203059535,port_congestion,0.385,9.2,1.6,0.099
EV00140,2021-04-18,Shanghai,East Asia,30.087146932993694,122.9143257376417,typhoon_hurricane,0.428,3.9,1.5,0.045
EV00000,2021-04-22,Savannah,North America,32.076461128042766,-80.65883465668885,rail_derailment,0.587,1.6,0.7,0.066
EV00795,2021-04-28,Busan,East Asia,34.42515141552406,132.0506775154594,port_congestion,0.035,15.6,0.3,0.008
EV00153,2021-05-06,Savannah,North America,31.349903161606317,-82.30770217928224,port_congestion,0.214,11.5,1.6,0.037
EV00622,2021-05-10,Shenzhen,East Asia,22.31256307692199,114.82403018933196,typhoon_hurricane,0.101,4.5,0.2,0.039
EV00454,2021-05-11,Shanghai,East Asia,31.802350483599227,124.42327110479222,rail_derailment,0.229,3.8,0.5,0.07
EV00929,2021-05-12,Oakland,North America,38.07024626919635,-124.76348080305856,port_congestion,0.731,1.7,0.7,0.274
EV00697,2021-05-17,Kaohsiung,East Asia,23.728142657972516,119.79618006499683,rail_derailment,0.322,3.7,1.0,0.133
EV01054,2021-05-20,Shenzhen,East Asia,25.825426580281885,116.16653920105504,labor_strike,0.256,0.8,0.2,0.081
EV00033,2021-05-24,Savannah,North America,33.87664720118479,-81.89843713264293,port_congestion,0.251,11.9,1.2,0.019
EV00163,2021-05-25,Houston,North America,28.956658450400763,-97.69770646655856,port_congestion,0.151,3.3,0.2,0.032
EV00123,2021-05-25,Panama Canal,Central America,8.51118167639305,-81.18661967718742,port_congestion,0.349,3.8,1.0,0.033
EV00946,2021-05-26,Singapore,Southeast Asia,0.624257437017708,103.43401085649565,typhoon_hurricane,0.152,3.7,0.3,0.009
EV00335,2021-05-27,Panama Canal,Central America,7.173193179762919,-79.21573836551451,port_congestion,0.344,13.6,2.7,0.07
EV00424,2021-05-30,Busan,East Asia,35.09091070055523,129.64707547027325,geopolitical_sanction,0.392,34.9,11.0,0.072
EV00632,2021-05-31,Kaohsiung,East Asia,22.51179461507531,120.38640878030448,port_congestion,0.443,20.0,4.6,0.13
EV01148,2021-06-01,Rotterdam,Europe,51.49296573240796,3.345683542303304,port_congestion,0.46,13.6,4.7,0.105
EV00419,2021-06-01,Shanghai,East Asia,30.342659768032547,120.41525259857663,port_congestion,0.841,5.3,2.0,0.364
EV00616,2021-06-02,Suez Canal,Middle East,30.695733820845195,32.62858425586727,rail_derailment,0.007,1.7,0.0,0.002
EV00324,2021-06-02,Oakland,North America,39.65951763513779,-123.13034588214184,typhoon_hurricane,0.107,4.4,0.2,0.02
EV00479,2021-06-05,Savannah,North America,32.85212760963161,-80.21500313856929,geopolitical_sanction,0.674,54.1,28.2,0.219
EV01049,2021-06-05,Suez Canal,Middle East,29.7458089578957,32.552260571578195,cyberattack,0.199,4.3,0.3,0.032
EV00730,2021-06-06,Suez Canal,Middle East,30.715820281586314,31.09697728969464,canal_blockage,0.789,12.2,7.7,0.32
EV00505,2021-06-09,Kaohsiung,East Asia,21.689087885792958,122.99604724069759,geopolitical_sanction,0.692,25.8,8.1,0.04
EV00312,2021-06-11,Singapore,Southeast Asia,-1.6310788303922115,102.85576961184661,rail_derailment,0.23,7.4,0.6,0.088
EV00739,2021-06-12,Busan,East Asia,36.17225457793123,130.54756480517412,canal_blockage,0.901,7.1,2.2,0.16
EV00928,2021-06-14,Busan,East Asia,36.056764679797354,127.01381047902291,canal_blockage,0.614,11.5,2.9,0.052
EV01160,2021-06-17,Shenzhen,East Asia,20.053477429115944,113.86086799453865,typhoon_hurricane,0.261,4.1,0.7,0.064
EV00407,2021-06-18,Busan,East Asia,34.94417452499148,126.87284451156134,port_congestion,0.185,11.6,0.8,0.012
EV00704,2021-06-22,Chennai,South Asia,12.07655612848016,80.64215445731905,canal_blockage,0.806,7.2,2.3,0.306
EV00565,2021-06-24,Shanghai,East Asia,29.329092664725348,122.92133166690319,rail_derailment,0.335,3.3,0.8,0.077
EV00290,2021-06-27,Manzanillo,North America,19.520525464604564,-104.87014839079752,port_congestion,0.203,1.9,0.3,0.063
EV00311,2021-06-28,Savannah,North America,32.292053040234244,-78.86709304598271,rail_derailment,0.107,2.0,0.2,0.018
EV00204,2021-07-10,Manzanillo,North America,17.268966323279596,-101.28031153241912,rail_derailment,0.267,5.2,0.9,0.116
EV00344,2021-07-10,Chennai,South Asia,13.368607873503251,78.95473548025873,port_congestion,0.391,6.3,2.0,0.058
EV00428,2021-07-11,Shenzhen,East Asia,22.89847681686614,109.62997811602737,geopolitical_sanction,0.772,36.2,16.8,0.143
EV00012,2021-07-12,Houston,North America,29.80703298156691,-95.51372874316141,rail_derailment,0.545,10.1,4.8,0.103
EV01066,2021-07-15,Savannah,North America,32.14428963098377,-79.8774555277438,port_congestion,0.297,7.6,1.2,0.074
EV00275,2021-07-16,Suez Canal,Middle East,31.462842768557895,31.374441128030963,port_congestion,0.576,2.8,0.8,0.16
EV00852,2021-07-16,Los Angeles,North America,35.476595189810574,-117.3024577103502,port_congestion,0.096,9.0,0.4,0.043
EV00751,2021-07-16,Savannah,North America,33.386918641855154,-78.96528151061229,typhoon_hurricane,0.661,2.8,1.7,0.222
EV00959,2021-07-18,Busan,East Asia,34.20995884967047,128.67863837547876,port_congestion,0.51,9.9,2.4,0.051
EV01196,2021-07-19,Kaohsiung,East Asia,21.678847656598176,116.7555275134187,port_congestion,0.235,2.8,0.4,0.014
EV00093,2021-07-25,Shenzhen,East Asia,23.53795627822517,116.15490055804307,port_congestion,0.219,3.1,0.5,0.041
EV00938,2021-07-28,Los Angeles,North America,32.38246417359684,-118.06716270655511,labor_strike,0.477,15.8,4.6,0.214
EV00790,2021-07-30,Singapore,Southeast Asia,-0.7887499959293724,101.07852687012522,rail_derailment,0.285,5.4,0.6,0.057
EV00237,2021-07-31,Chennai,South Asia,14.277240738220119,78.98573009917185,cyberattack,0.205,1.4,0.2,0.06
EV00499,2021-07-31,Ho Chi Minh City,Southeast Asia,9.226825056781783,105.54379260500642,port_congestion,0.36,20.8,2.7,0.066
EV00521,2021-08-01,Shenzhen,East Asia,22.76236575475555,114.03744336866215,port_congestion,0.366,1.0,0.2,0.048
EV01171,2021-08-04,Oakland,North America,39.786015688514084,-121.530205099931,rail_derailment,0.523,1.4,0.6,0.202
EV00539,2021-08-09,Oakland,North America,37.244913988167895,-123.20216864255896,labor_strike,0.565,14.6,2.7,0.224
EV00167,2021-08-11,Busan,East Asia,34.66372623431782,129.2860453351822,typhoon_hurricane,0.491,2.6,0.6,0.203
EV00008,2021-08-12,Shanghai,East Asia,33.55625713304263,119.1868911890109,geopolitical_sanction,0.204,65.0,7.1,0.034
EV00249,2021-08-13,Manzanillo,North America,19.501374223747327,-106.16417962694523,port_congestion,0.489,11.4,2.8,0.067
EV00964,2021-08-14,Kaohsiung,East Asia,24.13659264426885,123.88894850160722,rail_derailment,0.573,0.9,0.4,0.127
EV00631,2021-08-19,Oakland,North America,39.43856042543651,-120.12173373998185,typhoon_hurricane,0.348,7.1,1.9,0.03
EV01014,2021-08-19,Panama Canal,Central America,8.04795182694402,-78.13130920000097,labor_strike,0.309,11.7,2.1,0.047
EV00131,2021-08-20,Kaohsiung,East Asia,21.116776606032793,120.79225957692371,typhoon_hurricane,0.647,4.7,1.7,0.094
EV00184,2021-08-21,Rotterdam,Europe,51.35136569445442,4.68836595180757,canal_blockage,0.566,17.0,3.0,0.217
EV00094,2021-08-22,Kaohsiung,East Asia,21.409962214527752,119.07291073514695,port_congestion,0.252,38.8,5.0,0.076
EV00132,2021-08-25,Shanghai,East Asia,30.294291743900885,121.43944356955907,geopolitical_sanction,0.542,58.8,16.5,0.038
EV00248,2021-08-29,Shenzhen,East Asia,21.80029607799995,115.8750390568325,cyberattack,0.226,1.4,0.2,0.048
EV00823,2021-09-01,Panama Canal,Central America,6.847008412015116,-80.33853900922924,canal_blockage,0.854,27.9,9.4,0.238
EV00879,2021-09-03,Shenzhen,East Asia,20.34744288318995,115.2886093724682,rail_derailment,0.086,2.8,0.2,0.022
EV00215,2021-09-03,Manzanillo,North America,21.202736179108822,-103.32906190101605,cyberattack,0.47,1.2,0.3,0.036
EV00021,2021-09-04,Singapore,Southeast Asia,3.5341485308271317,103.26774168711803,port_congestion,0.127,9.9,0.5,0.017
EV00693,2021-09-06,Houston,North America,29.746792484872294,-94.8941461258265,geopolitical_sanction,0.061,25.1,1.3,0.022
EV00520,2021-09-10,Busan,East Asia,33.48653509567685,132.36962778979284,cyberattack,0.541,8.2,2.2,0.217
EV00877,2021-09-10,Rotterdam,Europe,49.070916247664314,4.495575870984759,canal_blockage,0.707,6.4,4.1,0.297
EV00105,2021-09-10,Shanghai,East Asia,30.797695339196913,121.61947272387143,port_congestion,0.516,6.0,2.6,0.207
EV00506,2021-09-10,Manzanillo,North America,21.828983392725934,-105.52671631616464,port_congestion,0.34,3.3,0.7,0.071
EV01122,2021-09-15,Oakland,North America,39.13478300386504,-122.11765381583577,rail_derailment,0.125,7.2,0.6,0.052
EV00413,2021-09-19,Oakland,North America,39.75984012901915,-117.96233922891932,port_congestion,0.277,9.3,1.6,0.038
EV01131,2021-09-19,Los Angeles,North America,32.36825780225696,-119.05577137806657,geopolitical_sanction,0.656,100.5,37.8,0.237
EV01041,2021-09-20,Ho Chi Minh City,Southeast Asia,10.550432720417842,105.64432504817934,typhoon_hurricane,0.317,12.8,2.5,0.109
EV00663,2021-09-21,Chennai,South Asia,12.043549180585241,80.4342769403545,cyberattack,0.046,14.3,0.5,0.016
EV00559,2021-09-21,Oakland,North America,36.7799381158157,-124.09888771153817,typhoon_hurricane,0.728,5.8,3.2,0.078
EV00383,2021-09-23,Rotterdam,Europe,51.464012453284624,5.36705137219509,port_congestion,0.174,9.6,1.3,0.044
EV00481,2021-09-28,Ho Chi Minh City,Southeast Asia,10.86684757962625,106.98114905624648,port_congestion,0.018,2.0,0.0,0.001
EV01040,2021-10-02,Ho Chi Minh City,Southeast Asia,11.786106546858049,108.67766406209685,port_congestion,0.426,15.2,4.2,0.13
EV00436,2021-10-05,Singapore,Southeast Asia,2.6939561741851445,104.32863320473265,port_congestion,0.349,13.5,2.5,0.058
EV00220,2021-10-08,Suez Canal,Middle East,33.32330680733957,31.954517657541203,port_congestion,0.254,7.6,1.7,0.098
EV00371,2021-10-10,Shanghai,East Asia,31.89875710324815,121.56359459420605,geopolitical_sanction,0.528,41.6,10.2,0.218
EV01060,2021-10-10,Kaohsiung,East Asia,24.421919017137053,119.83997828760994,port_congestion,0.545,7.6,3.3,0.241
EV00026,2021-10-11,Savannah,North America,31.232863111282736,-82.08674996025577,rail_derailment,0.229,2.8,0.4,0.086
EV00355,2021-10-12,Oakland,North America,33.59341799521771,-121.05857231879793,port_congestion,0.158,6.7,0.8,0.019
EV00260,2021-10-17,Singapore,Southeast Asia,1.9803740626000792,102.77010576478018,labor_strike,0.206,19.5,1.6,0.013
EV00945,2021-10-17,Oakland,North America,38.88856431819415,-121.24587736732511,typhoon_hurricane,0.462,2.8,0.9,0.192
EV00806,2021-10-17,Singapore,Southeast Asia,1.458468162182259,104.63759990714168,earthquake,0.579,10.4,4.6,0.149
EV00020,2021-10-18,Oakland,North America,37.445665092979695,-121.00030013473838,port_congestion,0.314,10.9,1.3,0.107
EV00035,2021-10-25,Los Angeles,North America,31.577381551636478,-116.91257436054885,earthquake,0.472,4.7,1.3,0.077
EV00271,2021-10-26,Chennai,South Asia,14.792029904838992,80.20598445066592,port_congestion,0.034,9.3,0.2,0.009
EV00303,2021-10-28,Oakland,North America,38.587832747391545,-121.87160435248562,rail_derailment,0.74,7.8,5.0,0.259
EV01118,2021-10-29,Chennai,South Asia,12.541870722486163,80.85918856235884,port_congestion,0.049,1.5,0.0,0.003
EV00633,2021-11-03,Houston,North America,28.071881596050407,-93.38255478102235,geopolitical_sanction,0.59,69.4,27.0,0.11
EV00582,2021-11-05,Houston,North America,29.81630860373739,-95.96434129418822,typhoon_hurricane,0.732,6.0,3.2,0.301
EV00884,2021-11-06,Shanghai,East Asia,29.012939661354892,118.74081502275094,port_congestion,0.346,14.7,3.7,0.145
EV00719,2021-11-09,Manzanillo,North America,19.862548150185813,-103.97859237884241,typhoon_hurricane,0.419,12.1,2.3,0.1
EV00650,2021-11-10,Kaohsiung,East Asia,22.814238053861864,119.89167518579104,geopolitical_sanction,0.581,85.0,23.2,0.045
EV00902,2021-11-10,Oakland,North America,43.64334993689921,-122.58600044549384,port_congestion,0.241,7.7,0.6,0.102
EV00701,2021-11-11,Kaohsiung,East Asia,21.195538684267706,119.67312192768922,cyberattack,0.171,8.4,1.1,0.069
EV00814,2021-11-13,Chennai,South Asia,13.895832340671019,80.47115353964982,canal_blockage,0.593,5.9,1.9,0.134
EV00458,2021-11-13,Manzanillo,North America,20.588538576749155,-105.9193678230126,labor_strike,0.405,3.6,1.0,0.092
EV00740,2021-11-15,Kaohsiung,East Asia,25.664419200592192,120.17573382726107,typhoon_hurricane,0.426,3.8,1.1,0.182
EV00661,2021-11-16,Rotterdam,Europe,50.14416350871143,2.9555440362855196,typhoon_hurricane,0.76,16.8,10.6,0.265
EV00754,2021-11-17,Los Angeles,North America,33.32308314099432,-117.90799878392906,port_congestion,0.049,4.7,0.1,0.008
EV01050,2021-11-17,Houston,North America,28.22060961879297,-95.75159002599135,cyberattack,0.062,1.3,0.0,0.027
EV00518,2021-11-20,Houston,North America,32.21044373275916,-94.87642204290786,geopolitical_sanction,0.289,38.4,4.5,0.089
EV00791,2021-11-20,Busan,East Asia,32.6289113380484,129.75928086686037,port_congestion,0.254,6.7,1.3,0.038
EV01022,2021-11-22,Oakland,North America,37.593020542330045,-120.73142770779107,rail_derailment,0.144,2.7,0.2,0.054
EV00868,2021-11-25,Shanghai,East Asia,31.378067264776956,120.71972818057195,canal_blockage,0.944,9.9,4.5,0.191
EV00283,2021-11-27,Rotterdam,Europe,52.31983984814582,5.209908467628489,typhoon_hurricane,0.077,8.2,0.6,0.012
EV00812,2021-11-27,Ho Chi Minh City,Southeast Asia,13.611673547962967,106.60015522686776,rail_derailment,0.215,5.6,0.5,0.06
EV00208,2021-11-28,Chennai,South Asia,16.715382988483082,78.08870993957095,typhoon_hurricane,0.334,7.4,1.3,0.068
EV00469,2021-11-30,Busan,East Asia,35.24529204651938,129.86518612415614,cyberattack,0.489,11.2,2.7,0.158
EV00917,2021-12-03,Los Angeles,North America,35.354910500239335,-119.17048276633703,rail_derailment,0.02,7.8,0.1,0.004
EV00073,2021-12-08,Ho Chi Minh City,Southeast Asia,10.280822238779688,106.55000949887574,geopolitical_sanction,0.451,21.2,7.8,0.153
EV00550,2021-12-09,Singapore,Southeast Asia,2.2277101696105834,103.06495260879318,typhoon_hurricane,0.69,2.3,0.9,0.183
EV00331,2021-12-11,Suez Canal,Middle East,29.910866200245266,30.24545116668203,port_congestion,0.543,9.3,4.3,0.093
EV01146,2021-12-12,Kaohsiung,East Asia,21.9642250539291,118.2218289534313,port_congestion,0.331,16.3,4.4,0.076
EV00636,2021-12-14,Los Angeles,North America,34.32891731784653,-119.7355234462751,geopolitical_sanction,0.327,11.7,2.2,0.146
EV00473,2021-12-16,Panama Canal,Central America,10.95624082487733,-79.34567841245631,typhoon_hurricane,0.445,7.7,2.1,0.145
EV00449,2021-12-17,Panama Canal,Central America,8.31448581813411,-78.70511257413449,labor_strike,0.491,6.3,1.9,0.127
EV01188,2021-12-19,Los Angeles,North America,34.356290413835566,-116.79176733849287,typhoon_hurricane,0.801,12.4,7.4,0.176
EV00660,2021-12-20,Rotterdam,Europe,51.34583386446206,4.684477335874316,cyberattack,0.455,1.7,0.4,0.18
EV01145,2021-12-23,Houston,North America,31.92894246896337,-96.55795207431929,labor_strike,0.266,6.9,0.6,0.038
EV00401,2021-12-25,Oakland,North America,37.75208524590377,-122.09944169266149,rail_derailment,0.076,2.8,0.1,0.029
EV00569,2021-12-27,Los Angeles,North America,31.663203473245822,-118.96714658647474,labor_strike,0.646,12.3,4.8,0.221
EV00735,2021-12-31,Los Angeles,North America,35.479735154313815,-120.17029905697841,canal_blockage,0.762,24.9,10.9,0.316
EV00850,2022-01-08,Panama Canal,Central America,8.016148018097576,-80.06798338299751,typhoon_hurricane,0.561,2.7,0.8,0.216
EV00592,2022-01-09,Panama Canal,Central America,7.337878504357339,-79.26597823645037,geopolitical_sanction,0.507,18.6,7.4,0.133
EV00744,2022-01-10,Rotterdam,Europe,51.45442812271029,4.661867996801116,port_congestion,0.424,13.5,2.3,0.142
EV01017,2022-01-13,Kaohsiung,East Asia,24.507123786407593,120.57734974764271,labor_strike,0.594,6.4,3.2,0.091
EV00284,2022-01-15,Oakland,North America,38.908047020428484,-124.8248910222455,port_congestion,0.109,19.8,1.4,0.026
EV00779,2022-01-15,Los Angeles,North America,35.74377300925806,-120.97558117621932,cyberattack,0.302,4.4,0.5,0.077
EV01081,2022-01-18,Houston,North America,29.55458737673292,-95.08731846964777,cyberattack,0.347,1.8,0.6,0.155
EV00860,2022-01-19,Houston,North America,30.52203278616306,-96.56057597371188,port_congestion,0.377,2.2,0.8,0.033
EV00146,2022-01-21,Shenzhen,East Asia,24.428299647997406,114.07805377096041,rail_derailment,0.125,7.0,0.6,0.047
EV00085,2022-01-21,Suez Canal,Middle East,31.813577980975733,31.59336365219578,port_congestion,0.436,10.7,3.2,0.184
EV00168,2022-01-21,Ho Chi Minh City,Southeast Asia,11.350628704986113,108.38348488867635,cyberattack,0.679,3.3,1.5,0.107
EV00620,2022-01-23,Chennai,South Asia,13.986260612224616,81.72904628688656,cyberattack,0.854,3.4,1.6,0.312
EV00798,2022-01-26,Oakland,North America,35.57461921851553,-122.50937076205363,port_congestion,0.285,8.3,1.4,0.063
EV00197,2022-01-27,Shanghai,East Asia,29.143747104830908,120.35815898059418,labor_strike,0.172,3.3,0.4,0.054
EV00822,2022-01-30,Oakland,North America,37.41779550598774,-123.05208422723527,rail_derailment,0.335,3.3,0.6,0.063
EV00157,2022-02-02,Rotterdam,Europe,51.496667719228235,4.522082170017011,port_congestion,0.492,7.3,2.6,0.078
EV00966,2022-02-03,Rotterdam,Europe,51.52525363475664,5.191462289413128,labor_strike,0.425,3.8,0.8,0.146
EV01115,2022-02-04,Shanghai,East Asia,31.755483500453664,118.18249585382189,labor_strike,0.426,16.5,4.3,0.063
EV00410,2022-02-05,Ho Chi Minh City,Southeast Asia,9.31821970793057,107.29518534723141,geopolitical_sanction,0.173,71.3,9.2,0.038
EV00688,2022-02-09,Manzanillo,North America,16.117838713736504,-102.5695946714613,geopolitical_sanction,0.687,76.2,26.1,0.182
EV00771,2022-02-10,Chennai,South Asia,16.64085755771979,78.3540400728942,cyberattack,0.511,2.2,0.6,0.194
EV00827,2022-02-17,Chennai,South Asia,10.933759754094286,82.95428666401811,labor_strike,0.611,1.9,0.5,0.072
EV01055,2022-02-19,Savannah,North America,30.268941031059047,-79.84789920505526,port_congestion,0.249,15.8,1.9,0.026
EV00375,2022-02-25,Shanghai,East Asia,30.45419990143968,121.89974325990151,rail_derailment,0.091,6.6,0.4,0.036
EV00575,2022-02-25,Rotterdam,Europe,50.886529146555915,4.623021815158217,typhoon_hurricane,0.474,7.4,2.3,0.1
EV01139,2022-02-28,Chennai,South Asia,11.539191555052646,81.619079098202,port_congestion,0.421,10.9,2.4,0.158
EV00382,2022-03-02,Savannah,North America,34.12054241067969,-82.94617502920015,geopolitical_sanction,0.632,26.1,10.9,0.152
EV00527,2022-03-06,Shenzhen,East Asia,19.904342568040573,111.26961953289539,port_congestion,0.494,10.4,3.8,0.045
EV00310,2022-03-11,Houston,North America,33.67652958738289,-95.32903733240987,canal_blockage,0.649,4.0,1.2,0.085
EV00546,2022-03-15,Busan,East Asia,36.8138144911439,131.61581459521773,geopolitical_sanction,0.809,59.3,32.4,0.113
EV01149,2022-03-17,Manzanillo,North America,17.79062241659109,-105.34254000460002,typhoon_hurricane,0.677,2.3,0.6,0.184
EV00034,2022-03-21,Oakland,North America,39.92950080829082,-119.71324225610934,cyberattack,0.218,0.3,0.0,0.084
EV00364,2022-03-23,Los Angeles,North America,34.195322888262936,-118.12100005868463,port_congestion,0.31,7.5,2.0,0.134
EV00746,2022-03-24,Savannah,North America,30.127473867274244,-81.76568618094876,port_congestion,0.22,9.1,1.5,0.071
EV00764,2022-03-26,Ho Chi Minh City,Southeast Asia,10.521554383963563,108.04352405689845,typhoon_hurricane,0.059,6.9,0.2,0.008
EV00517,2022-03-27,Rotterdam,Europe,49.887877976696615,4.282338319971562,labor_strike,0.108,10.1,0.7,0.03
EV00557,2022-03-31,Los Angeles,North America,36.167883697688005,-117.08276652920858,geopolitical_sanction,0.468,62.5,12.3,0.137
EV01100,2022-04-03,Ho Chi Minh City,Southeast Asia,11.712753752562376,106.66550738210269,port_congestion,0.21,2.4,0.3,0.037
EV00532,2022-04-04,Los Angeles,North America,34.716566488405974,-118.21471882729497,labor_strike,0.505,6.8,1.8,0.124
EV00963,2022-04-07,Singapore,Southeast Asia,0.8460527301579286,103.406627330394,rail_derailment,0.263,2.7,0.6,0.021
EV00369,2022-04-07,Houston,North America,28.314695485120055,-94.84653357075958,canal_blockage,0.912,5.8,3.8,0.147
EV01103,2022-04-09,Panama Canal,Central America,10.360344469382412,-79.18225927028854,geopolitical_sanction,0.767,13.4,6.9,0.245
EV01068,2022-04-16,Ho Chi Minh City,Southeast Asia,11.54051652709055,108.55268909545043,geopolitical_sanction,0.44,34.3,7.9,0.145
EV00409,2022-04-19,Rotterdam,Europe,51.61289621330851,5.061759856594292,rail_derailment,0.15,0.9,0.1,0.051
EV00931,2022-04-20,Ho Chi Minh City,Southeast Asia,8.731045428009697,104.29019171256319,earthquake,0.621,16.3,5.5,0.275
EV00110,2022-04-21,Kaohsiung,East Asia,23.566240777106945,121.47658502492249,rail_derailment,0.196,11.0,1.3,0.068
EV00490,2022-04-24,Rotterdam,Europe,51.5692394601721,5.041056672017904,typhoon_hurricane,0.718,2.5,1.4,0.098
EV00975,2022-04-27,Rotterdam,Europe,47.65554714467167,5.355275049715585,port_congestion,0.225,30.8,3.4,0.029
EV00930,2022-04-28,Oakland,North America,37.592116118028684,-123.17801848592083,typhoon_hurricane,0.195,3.9,0.3,0.039
EV00934,2022-04-28,Shenzhen,East Asia,21.845183787497167,113.0514882308852,port_congestion,0.046,13.5,0.3,0.003
EV00883,2022-04-30,Kaohsiung,East Asia,23.301806424906733,119.80821874179547,port_congestion,0.069,9.4,0.5,0.02
EV00919,2022-05-04,Ho Chi Minh City,Southeast Asia,11.30962978263348,105.86911360414726,port_congestion,0.243,5.5,0.5,0.05
EV00302,2022-05-07,Los Angeles,North America,36.660622620836186,-116.69409231544445,geopolitical_sanction,0.83,11.4,8.4,0.372
EV01109,2022-05-09,Busan,East Asia,33.59936365121639,127.99133121111217,labor_strike,0.479,6.1,1.0,0.121
EV00763,2022-05-23,Singapore,Southeast Asia,-0.6625355135482249,102.37488069230265,geopolitical_sanction,0.356,58.3,9.9,0.075
EV01199,2022-05-26,Chennai,South Asia,14.674514054702595,83.04169254361395,port_congestion,0.06,28.2,0.7,0.019
EV00916,2022-05-27,Busan,East Asia,33.3428778286359,128.50527700611715,earthquake,0.636,0.9,0.3,0.084
EV01121,2022-06-01,Suez Canal,Middle East,29.479126272763438,33.445188218979645,port_congestion,0.375,4.8,0.9,0.057
EV00374,2022-06-03,Chennai,South Asia,13.406219111145942,77.97930687438533,typhoon_hurricane,0.414,11.5,3.0,0.18
EV00882,2022-06-04,Singapore,Southeast Asia,1.2503901938115423,101.56083947422728,port_congestion,0.396,13.6,2.5,0.089
EV01152,2022-06-05,Shanghai,East Asia,30.029952951844564,123.15011915130712,geopolitical_sanction,0.648,13.7,6.8,0.071
EV00463,2022-06-10,Manzanillo,North America,17.783046784134328,-102.25426608493646,cyberattack,0.423,0.5,0.1,0.103
EV01074,2022-06-10,Shanghai,East Asia,32.12121289455053,120.4378752405245,geopolitical_sanction,0.655,10.8,3.8,0.072
EV00509,2022-06-12,Singapore,Southeast Asia,0.3384398030539,104.96028098195917,typhoon_hurricane,0.279,6.5,1.3,0.028
EV00807,2022-06-12,Suez Canal,Middle East,30.065870564006378,31.89867341167267,port_congestion,0.434,12.7,1.8,0.048
EV00277,2022-06-13,Suez Canal,Middle East,31.594398666215344,30.624674033195596,port_congestion,0.129,0.8,0.1,0.053
EV00255,2022-06-14,Ho Chi Minh City,Southeast Asia,7.22998939136916,105.51373368770811,port_congestion,0.269,12.3,2.6,0.058
EV00006,2022-06-14,Oakland,North America,38.69445562441929,-125.21043322101352,typhoon_hurricane,0.628,1.4,0.6,0.101
EV00044,2022-06-14,Oakland,North America,40.803735424437384,-120.89282489212135,typhoon_hurricane,0.312,10.2,2.5,0.034
EV00554,2022-06-19,Panama Canal,Central America,10.115467177298875,-80.06908661213103,typhoon_hurricane,0.306,12.0,3.2,0.085
EV00483,2022-06-23,Kaohsiung,East Asia,24.230851563410074,117.74242772573555,earthquake,0.263,32.1,6.2,0.037
EV00477,2022-06-24,Rotterdam,Europe,51.00290341706215,2.5358103724949608,canal_blockage,0.482,10.7,1.6,0.164
EV00169,2022-06-26,Houston,North America,29.98410029084029,-96.88000122214036,typhoon_hurricane,0.484,12.4,2.4,0.184
EV01116,2022-06-28,Shanghai,East Asia,32.512665613300804,119.55429948320852,typhoon_hurricane,0.291,6.1,1.0,0.076
EV00757,2022-06-28,Suez Canal,Middle East,32.660176351681045,36.241647134850986,typhoon_hurricane,0.433,2.5,0.9,0.135
EV00305,2022-06-28,Manzanillo,North America,19.400776523547197,-103.45553665516184,labor_strike,0.473,6.3,1.6,0.146
EV00885,2022-07-02,Busan,East Asia,31.650175487479515,131.67340568824318,port_congestion,0.448,19.8,7.3,0.032
EV00716,2022-07-02,Savannah,North America,31.079225799875505,-79.42730783164065,typhoon_hurricane,0.081,13.1,0.9,0.036
EV00678,2022-07-07,Busan,East Asia,34.02612661287426,130.01755539059715,labor_strike,0.635,12.0,4.6,0.071
EV00761,2022-07-08,Shanghai,East Asia,32.76397905401145,121.75802417307638,port_congestion,0.105,47.2,2.1,0.04
EV01071,2022-07-12,Busan,East Asia,36.68910907290328,127.11593157373197,typhoon_hurricane,0.111,6.2,0.3,0.04
EV00207,2022-07-13,Suez Canal,Middle East,30.69176707360057,34.27285415205047,port_congestion,0.461,9.6,1.4,0.169
EV00925,2022-07-15,Suez Canal,Middle East,31.667575358731856,34.24996695643501,port_congestion,0.35,2.6,0.7,0.035
EV00530,2022-07-17,Panama Canal,Central America,10.957244438948194,-80.12019460407915,port_congestion,0.294,27.3,6.3,0.122
EV00769,2022-07-19,Kaohsiung,East Asia,23.0482213351392,121.0548152675017,port_congestion,0.415,11.1,2.9,0.145
EV00063,2022-07-19,Kaohsiung,East Asia,20.961842217556935,119.57425617880355,port_congestion,0.227,28.9,5.7,0.057
EV00112,2022-07-22,Ho Chi Minh City,Southeast Asia,7.616912821692376,106.9219220437896,labor_strike,0.181,9.6,0.9,0.031
EV01045,2022-07-22,Kaohsiung,East Asia,21.663178995452544,117.91280739182413,canal_blockage,0.325,7.5,1.0,0.104
EV00854,2022-07-25,Suez Canal,Middle East,30.36625651175456,32.22985260814005,typhoon_hurricane,0.737,4.3,1.5,0.326
EV01094,2022-07-25,Houston,North America,29.428483203574178,-96.55581824301105,port_congestion,0.703,3.7,1.2,0.206
EV00052,2022-07-26,Savannah,North America,33.91264738051996,-82.87251628086088,cyberattack,0.089,1.1,0.0,0.035
EV01044,2022-07-29,Houston,North America,29.878381399003235,-95.75650982240309,typhoon_hurricane,0.566,4.5,1.1,0.06
EV00361,2022-08-01,Houston,North America,26.25979056909023,-96.58070876102892,canal_blockage,0.413,6.8,1.9,0.121
EV00009,2022-08-03,Singapore,Southeast Asia,1.7797747355508626,104.67749520273696,port_congestion,0.14,19.1,2.0,0.016
EV00043,2022-08-04,Busan,East Asia,34.4090417754884,129.41905369960253,cyberattack,0.417,2.6,0.3,0.036
EV00880,2022-08-05,Los Angeles,North America,35.22729431225573,-118.19905842555104,port_congestion,0.332,13.2,1.8,0.072
EV00156,2022-08-12,Savannah,North America,29.436605568726396,-79.26225538742582,port_congestion,0.272,6.1,1.3,0.051
EV00399,2022-08-12,Rotterdam,Europe,52.83368236357348,4.672323240442285,port_congestion,0.3,10.2,2.3,0.063
EV01099,2022-08-14,Busan,East Asia,35.140261836825296,128.0319692100899,rail_derailment,0.26,13.2,2.2,0.083
EV00039,2022-08-16,Savannah,North America,33.74217214832135,-81.74289084027279,rail_derailment,0.177,4.4,0.3,0.07
EV00555,2022-08-16,Manzanillo,North America,21.01168750905727,-102.11555977718626,typhoon_hurricane,0.81,4.8,2.2,0.057
EV00525,2022-08-18,Shenzhen,East Asia,22.42165968434902,111.64706834618107,rail_derailment,0.132,1.2,0.1,0.048
EV00089,2022-08-18,Panama Canal,Central America,11.094925853459918,-79.94947714501208,geopolitical_sanction,0.349,110.8,28.1,0.105
EV00219,2022-08-19,Suez Canal,Middle East,29.567242275526933,32.961919986574834,typhoon_hurricane,0.244,6.0,0.7,0.036
EV00003,2022-08-20,Houston,North America,29.445094172627133,-97.07364549127617,port_congestion,0.059,4.8,0.2,0.015
EV00670,2022-08-23,Los Angeles,North America,34.57926992063264,-119.11214066266498,earthquake,0.308,9.6,2.1,0.061
EV00045,2022-08-25,Panama Canal,Central America,9.219055418725947,-79.38342042258932,cyberattack,0.078,4.5,0.2,0.034
EV00967,2022-08-26,Savannah,North America,32.093116092700235,-80.45747070441459,rail_derailment,0.235,2.4,0.2,0.071
EV00005,2022-08-27,Los Angeles,North America,35.434736825203046,-120.8866157072995,port_congestion,0.096,1.0,0.1,0.018
EV00722,2022-08-31,Kaohsiung,East Asia,21.299073225049863,119.55281192146084,port_congestion,0.341,26.7,5.2,0.088
EV00669,2022-09-02,Houston,North America,29.06947469049584,-93.84629485470478,labor_strike,0.312,5.4,0.8,0.097
EV00891,2022-09-08,Chennai,South Asia,14.069245181916983,77.83969860729964,typhoon_hurricane,0.824,2.9,1.5,0.312
EV01124,2022-09-09,Shenzhen,East Asia,22.71004931567859,112.66876860370711,port_congestion,0.431,12.3,2.6,0.108
EV00276,2022-09-11,Savannah,North America,29.659034886505204,-84.75241773337981,cyberattack,0.444,7.8,1.6,0.104
EV01167,2022-09-12,Singapore,Southeast Asia,0.8066335100177071,104.31182191441721,typhoon_hurricane,0.249,8.0,1.5,0.094
EV01147,2022-09-15,Houston,North America,30.164474540705605,-95.83028819453195,geopolitical_sanction,0.869,29.6,14.2,0.088
EV00564,2022-09-16,Manzanillo,North America,19.99769583329602,-105.49296663052021,port_congestion,0.086,5.8,0.3,0.031
EV01079,2022-09-21,Suez Canal,Middle East,30.186666751992806,33.39306674603499,canal_blockage,0.658,5.9,1.2,0.163
EV01172,2022-09-21,Manzanillo,North America,20.364876305313448,-107.40073252865658,geopolitical_sanction,0.714,48.1,25.2,0.133
EV01010,2022-09-21,Manzanillo,North America,19.153274279394058,-103.6141129370688,typhoon_hurricane,0.74,7.8,1.9,0.047
EV00261,2022-09-28,Savannah,North America,31.082543447090796,-79.63500321839416,earthquake,0.69,10.3,6.0,0.294
EV00870,2022-09-30,Panama Canal,Central America,7.221130258083548,-80.63199480306946,port_congestion,0.635,18.6,9.9,0.125
EV00667,2022-10-01,Busan,East Asia,33.52682109083376,126.99066804696828,port_congestion,0.411,14.3,4.1,0.022
EV00351,2022-10-04,Chennai,South Asia,12.253480833608524,81.11563957279309,port_congestion,0.283,21.9,3.6,0.107
EV00054,2022-10-06,Oakland,North America,38.50953439060577,-124.16556251607503,typhoon_hurricane,0.251,2.0,0.2,0.025
EV00981,2022-10-09,Ho Chi Minh City,Southeast Asia,12.573115882713832,108.47846378365347,cyberattack,0.161,3.1,0.3,0.062
EV00626,2022-10-11,Shanghai,East Asia,32.115779445110796,122.83797547067327,geopolitical_sanction,0.459,43.5,7.5,0.13
EV00698,2022-10-11,Shanghai,East Asia,30.773996788734927,122.04606736204653,earthquake,0.751,17.0,9.8,0.305
EV00403,2022-10-13,Panama Canal,Central America,5.5438018648811624,-78.9255546462532,labor_strike,0.345,3.8,0.9,0.113
EV00083,2022-10-13,Houston,North America,30.603470542102176,-93.38354916719913,cyberattack,0.232,7.4,1.1,0.047
EV01024,2022-10-13,Suez Canal,Middle East,27.990393260948583,31.267595788812628,cyberattack,0.086,0.9,0.0,0.017
EV00856,2022-10-15,Shanghai,East Asia,32.49253956442388,122.78530156156081,geopolitical_sanction,0.412,73.6,25.4,0.053
EV00918,2022-10-18,Houston,North America,28.95905156833522,-94.34047252649154,typhoon_hurricane,0.156,13.0,1.6,0.014
EV00886,2022-10-21,Singapore,Southeast Asia,0.43956305496923287,105.90160651273962,geopolitical_sanction,0.7,58.4,27.9,0.076
EV00696,2022-11-01,Panama Canal,Central America,9.350794327456821,-81.36770404824827,canal_blockage,0.118,2.1,0.1,0.035
EV01084,2022-11-02,Rotterdam,Europe,50.523592887240866,3.917514966372271,port_congestion,0.703,5.1,1.2,0.199
EV00654,2022-11-03,Manzanillo,North America,16.144964267749415,-103.03242094978758,geopolitical_sanction,0.866,85.6,36.2,0.373
EV00898,2022-11-04,Chennai,South Asia,15.11994477203079,78.83228995037598,typhoon_hurricane,0.502,9.6,1.5,0.122
EV00680,2022-11-05,Shenzhen,East Asia,22.649556898162675,113.29423617245239,port_congestion,0.39,15.6,2.3,0.17
EV00143,2022-11-06,Singapore,Southeast Asia,4.128085414350817,105.41458689852726,port_congestion,0.339,6.1,1.0,0.151
EV00888,2022-11-10,Suez Canal,Middle East,28.259059111773592,33.89484960165661,rail_derailment,0.276,3.7,0.6,0.073
EV00096,2022-11-11,Manzanillo,North America,20.318158856498474,-104.94443996376707,geopolitical_sanction,0.196,89.2,10.4,0.05
EV00830,2022-11-16,Shanghai,East Asia,30.365220426724655,121.73988400841226,geopolitical_sanction,0.241,52.1,7.6,0.075
EV00606,2022-11-16,Rotterdam,Europe,53.770707295621555,7.200629014085367,port_congestion,0.204,48.7,4.0,0.083
EV00171,2022-11-19,Panama Canal,Central America,10.835838534639086,-79.08192758327874,geopolitical_sanction,0.391,40.8,8.3,0.037
EV00781,2022-11-20,Manzanillo,North America,20.90302660385853,-101.33382663253029,port_congestion,0.13,5.1,0.3,0.039
EV00450,2022-11-22,Los Angeles,North America,34.40754940363527,-118.99766152073394,port_congestion,0.324,13.2,2.0,0.017
EV00076,2022-11-24,Panama Canal,Central America,8.989556288089952,-79.2434581225749,port_congestion,0.189,5.6,0.6,0.026
EV01175,2022-11-25,Savannah,North America,31.616844824809032,-79.80642995543576,geopolitical_sanction,0.699,82.6,49.9,0.207
EV00786,2022-12-03,Savannah,North America,31.07526996549607,-83.33906667450847,typhoon_hurricane,0.391,31.0,9.8,0.038
EV00406,2022-12-06,Kaohsiung,East Asia,22.326643932001712,118.44198617834041,port_congestion,0.336,8.8,1.5,0.026
EV01127,2022-12-07,Busan,East Asia,35.37638730691198,130.4362332456857,port_congestion,0.192,9.0,1.5,0.041
EV00858,2022-12-08,Rotterdam,Europe,52.012140845341285,3.2165841636116395,geopolitical_sanction,0.378,6.8,1.6,0.092
EV00154,2022-12-09,Panama Canal,Central America,8.736575439683648,-79.718835178221,port_congestion,0.129,8.3,0.4,0.035
EV00011,2022-12-11,Houston,North America,30.415357258237705,-95.76699353753786,canal_blockage,0.701,4.5,1.2,0.105
EV00301,2022-12-12,Kaohsiung,East Asia,21.349675993874435,118.08031090521064,labor_strike,0.425,2.3,0.5,0.04
EV00030,2022-12-15,Rotterdam,Europe,50.10705996542539,7.61943987203575,labor_strike,0.227,9.4,1.4,0.017
EV00314,2022-12-16,Panama Canal,Central America,13.155403269835265,-80.62321174242395,port_congestion,0.317,15.9,2.8,0.127
EV00323,2022-12-18,Houston,North America,26.556268512192595,-97.16254474807262,port_congestion,0.609,20.9,10.1,0.08
EV00206,2022-12-22,Shenzhen,East Asia,21.879800405294667,115.31446968883083,geopolitical_sanction,0.528,46.2,19.8,0.236
EV00496,2022-12-23,Manzanillo,North America,18.455386164986173,-105.18423622888648,port_congestion,0.206,4.9,0.8,0.076
EV00418,2022-12-24,Shanghai,East Asia,33.78045614365845,119.5623976611583,typhoon_hurricane,0.87,7.7,4.0,0.37
EV00164,2022-12-24,Kaohsiung,East Asia,23.946426728040834,118.55434017659333,typhoon_hurricane,0.346,12.0,3.4,0.058
EV00443,2022-12-28,Busan,East Asia,35.8512493626477,130.2948791123486,typhoon_hurricane,0.36,3.0,0.4,0.081
EV01069,2023-01-02,Manzanillo,North America,16.23694132434023,-105.19120045302127,port_congestion,0.284,11.7,2.6,0.049
EV00727,2023-01-02,Suez Canal,Middle East,30.235736939466737,33.190052442950815,port_congestion,0.063,6.1,0.3,0.015
EV01087,2023-01-07,Los Angeles,North America,34.16137386852752,-115.80029013581975,typhoon_hurricane,0.363,13.3,1.9,0.039
EV00193,2023-01-08,Shanghai,East Asia,31.004444495402872,120.64897658923017,earthquake,0.287,21.1,3.5,0.015
EV00853,2023-01-13,Suez Canal,Middle East,30.299609142412475,33.06069693243137,port_congestion,0.391,19.0,2.9,0.13
EV00743,2023-01-17,Shenzhen,East Asia,22.72338892790862,114.96365535632904,labor_strike,0.65,8.2,3.8,0.116
EV01113,2023-01-21,Savannah,North America,32.034661056529785,-79.75462734103668,typhoon_hurricane,0.315,4.4,0.6,0.115
EV00531,2023-01-22,Shenzhen,East Asia,23.390901593575727,112.33150417284574,typhoon_hurricane,0.803,4.2,1.7,0.189
EV01169,2023-01-24,Shanghai,East Asia,31.91849083240999,123.12252556149494,rail_derailment,0.406,2.8,0.9,0.117
EV00172,2023-01-26,Rotterdam,Europe,52.39774891664111,3.447540996281669,typhoon_hurricane,0.573,1.4,0.6,0.086
EV00378,2023-01-27,Manzanillo,North America,19.42357943010411,-107.52120081777696,port_congestion,0.053,15.4,0.6,0.016
EV00489,2023-01-28,Shenzhen,East Asia,21.821579163201406,113.87994007954791,typhoon_hurricane,0.177,4.7,0.7,0.011
EV00908,2023-01-30,Panama Canal,Central America,10.165462865007772,-80.13995772634046,canal_blockage,0.839,8.3,5.2,0.181
EV00508,2023-02-02,Kaohsiung,East Asia,22.883187616600086,119.94153967691172,cyberattack,0.437,2.9,0.9,0.154
EV00999,2023-02-04,Busan,East Asia,34.92591706073332,126.01178651059942,rail_derailment,0.271,5.8,0.6,0.069
EV00287,2023-02-07,Houston,North America,30.800232136332532,-93.60422712312197,port_congestion,0.429,17.7,5.1,0.138
EV00434,2023-02-10,Chennai,South Asia,10.836747202826098,80.43192509162361,port_congestion,0.549,3.0,0.6,0.045
EV01064,2023-02-13,Panama Canal,Central America,8.952602152491751,-78.83066606933424,port_congestion,0.372,19.6,4.9,0.058
EV00304,2023-02-16,Manzanillo,North America,18.824003506105093,-104.58888768733463,earthquake,0.898,9.4,4.7,0.291
EV00864,2023-02-19,Savannah,North America,30.560622979776372,-79.85116386346522,geopolitical_sanction,0.641,42.1,15.8,0.203
EV00811,2023-02-20,Savannah,North America,32.287867345434805,-81.30428480566367,canal_blockage,0.785,4.6,1.2,0.11
EV00948,2023-02-22,Suez Canal,Middle East,34.53621142540667,34.132594404585944,port_congestion,0.077,1.4,0.1,0.023
EV00029,2023-02-23,Suez Canal,Middle East,32.35198010237282,32.08602238998047,port_congestion,0.514,1.2,0.3,0.104
EV00316,2023-02-23,Manzanillo,North America,24.499396362152126,-104.71267888617658,rail_derailment,0.185,1.2,0.1,0.079
EV00296,2023-02-24,Busan,East Asia,34.76007071525611,128.73160044447823,canal_blockage,0.931,1.4,0.4,0.061
EV00819,2023-02-25,Oakland,North America,36.707607537640385,-122.99572129668503,labor_strike,0.151,0.4,0.0,0.044
EV00988,2023-03-02,Savannah,North America,30.094782395308613,-80.66125572565038,port_congestion,0.196,11.4,1.3,0.069
EV00158,2023-03-02,Singapore,Southeast Asia,2.1381644932815513,103.13475462908063,port_congestion,0.268,11.8,1.0,0.082
EV00501,2023-03-07,Ho Chi Minh City,Southeast Asia,9.979369290376273,108.45259751898769,canal_blockage,0.474,9.8,2.4,0.074
EV00601,2023-03-07,Panama Canal,Central America,9.919367768013773,-79.21350531028868,cyberattack,0.351,13.7,2.3,0.035
EV00932,2023-03-08,Ho Chi Minh City,Southeast Asia,10.375574725245176,107.30950134759637,canal_blockage,0.378,2.2,0.3,0.075
EV00590,2023-03-08,Chennai,South Asia,11.827152237140751,79.17441158680381,port_congestion,0.109,3.0,0.3,0.03
EV00189,2023-03-10,Singapore,Southeast Asia,0.6807738586503579,104.41869021540846,typhoon_hurricane,0.107,1.5,0.1,0.021
EV00065,2023-03-11,Shanghai,East Asia,32.96504452847095,120.684859376711,port_congestion,0.431,2.3,0.9,0.075
EV00178,2023-03-11,Kaohsiung,East Asia,20.56362197211423,120.04260001819641,geopolitical_sanction,0.653,54.5,22.1,0.202
EV00613,2023-03-14,Ho Chi Minh City,Southeast Asia,14.128960193726185,106.22272983329088,geopolitical_sanction,0.467,15.5,2.4,0.123
EV00543,2023-03-16,Busan,East Asia,36.20374238198511,128.7077117982536,port_congestion,0.257,10.9,0.9,0.064
EV00993,2023-03-18,Oakland,North America,38.057611422109716,-125.68232354506992,port_congestion,0.151,2.0,0.2,0.061
EV00116,2023-03-18,Rotterdam,Europe,52.52191813150365,2.330902796366372,typhoon_hurricane,0.363,3.5,1.0,0.108
EV00427,2023-03-20,Panama Canal,Central America,10.490279106682785,-81.38881763711515,typhoon_hurricane,0.441,9.8,2.3,0.118
EV00032,2023-03-20,Suez Canal,Middle East,27.955187320583743,32.76017345856754,port_congestion,0.424,13.9,2.8,0.139
EV00487,2023-03-22,Panama Canal,Central America,10.483448399845818,-79.84389747017396,labor_strike,0.192,6.7,0.7,0.046
EV00397,2023-03-26,Savannah,North America,33.31213336616869,-80.45226634907101,port_congestion,0.501,8.8,3.7,0.126
EV00349,2023-03-26,Shanghai,East Asia,29.46472119423312,118.4193036338266,cyberattack,0.414,2.2,0.6,0.12
EV00607,2023-03-27,Los Angeles,North America,31.474011441829383,-119.93005323246805,port_congestion,0.315,4.0,1.0,0.059
EV00985,2023-03-28,Houston,North America,32.35175285973736,-93.90621032105993,port_congestion,0.286,3.6,0.4,0.076
EV00113,2023-03-29,Oakland,North America,36.003486486433616,-122.01428809736154,cyberattack,0.39,2.5,0.4,0.175
EV00815,2023-04-06,Oakland,North America,40.49320384950287,-124.9424199003017,labor_strike,0.198,15.6,1.6,0.065
EV00384,2023-04-10,Kaohsiung,East Asia,21.18978521284351,119.83903899415563,rail_derailment,0.639,1.5,0.6,0.25
EV00346,2023-04-13,Shenzhen,East Asia,22.19030537402333,116.62636539367146,typhoon_hurricane,0.567,4.9,2.1,0.077
EV00385,2023-04-13,Shanghai,East Asia,32.75714594512823,120.70968127780397,labor_strike,0.175,9.9,0.8,0.043
EV00637,2023-04-23,Busan,East Asia,33.13932270218765,129.34284200870658,labor_strike,0.325,13.5,1.5,0.112
EV00609,2023-04-24,Manzanillo,North America,17.12583466382872,-102.6791334702886,geopolitical_sanction,0.295,13.7,3.1,0.052
EV01037,2023-04-25,Kaohsiung,East Asia,21.11953803136083,119.55064306563662,rail_derailment,0.505,5.0,2.1,0.138
EV00274,2023-04-26,Busan,East Asia,36.15761298305682,127.55214363165689,typhoon_hurricane,0.347,1.9,0.5,0.146
EV00286,2023-04-26,Savannah,North America,32.01164072867948,-79.32703530653677,port_congestion,0.092,21.0,1.6,0.04
EV00444,2023-04-27,Rotterdam,Europe,50.71960336539458,3.2317256005734882,labor_strike,0.126,6.6,0.7,0.034
EV00340,2023-04-27,Los Angeles,North America,34.317081492161606,-116.21744024092042,labor_strike,0.179,9.3,0.9,0.02
EV00326,2023-05-03,Rotterdam,Europe,52.587463839362016,4.535148215216006,cyberattack,0.396,4.0,1.2,0.171
EV00329,2023-05-05,Panama Canal,Central America,9.249382295421334,-80.47070256171463,geopolitical_sanction,0.268,48.1,4.4,0.021
EV00782,2023-05-07,Singapore,Southeast Asia,3.167037601866831,105.09303741770985,typhoon_hurricane,0.845,17.5,4.9,0.114
EV00072,2023-05-08,Manzanillo,North America,17.846559263208984,-106.88085709851325,port_congestion,0.389,2.0,0.6,0.145
EV00198,2023-05-12,Houston,North America,29.651647495266293,-95.0729189061944,cyberattack,0.19,7.8,0.6,0.045
EV00392,2023-05-13,Shenzhen,East Asia,24.891775055390887,112.31644698852841,canal_blockage,0.497,0.8,0.3,0.126
EV00736,2023-05-20,Busan,East Asia,34.13531493775493,127.4376007546256,earthquake,0.613,29.9,11.6,0.1
EV00875,2023-05-23,Panama Canal,Central America,10.865747696661202,-80.4119708425974,labor_strike,0.584,9.3,3.1,0.078
EV00510,2023-05-24,Oakland,North America,39.76832677366815,-122.42925777316123,port_congestion,0.504,13.6,5.2,0.067
EV00404,2023-05-26,Kaohsiung,East Asia,19.090137367094794,121.40278196959503,port_congestion,0.413,5.7,0.8,0.109
EV01135,2023-05-29,Panama Canal,Central America,9.602880689305914,-78.48330942423256,typhoon_hurricane,0.186,1.2,0.2,0.078
EV00395,2023-06-01,Singapore,Southeast Asia,0.3158809322584306,103.15158635873445,geopolitical_sanction,0.238,33.9,6.6,0.078
EV00732,2023-06-01,Savannah,North America,30.96490992147753,-83.93435309742199,typhoon_hurricane,0.214,16.3,1.6,0.025
EV00906,2023-06-07,Ho Chi Minh City,Southeast Asia,12.330596492271894,106.96697257130828,cyberattack,0.091,12.0,0.5,0.026
EV00165,2023-06-11,Rotterdam,Europe,53.600059833585725,5.1997607837873945,cyberattack,0.238,3.0,0.3,0.089
EV00294,2023-06-13,Kaohsiung,East Asia,22.2137298287378,120.52941246174296,port_congestion,0.562,31.9,13.8,0.055
EV00066,2023-06-15,Shenzhen,East Asia,24.018777281271706,114.42383057759815,cyberattack,0.265,5.3,1.2,0.1
EV01036,2023-06-16,Rotterdam,Europe,51.518232913198744,5.590022810147234,earthquake,0.673,12.1,5.6,0.128
EV01165,2023-06-16,Shenzhen,East Asia,23.364789743063007,111.43563141450117,geopolitical_sanction,0.298,61.4,5.8,0.069
EV00147,2023-06-16,Panama Canal,Central America,10.223762576452406,-82.20591346606517,port_congestion,0.212,11.7,1.1,0.029
EV00254,2023-06-18,Houston,North America,33.12530940158463,-94.781589033478,geopolitical_sanction,0.676,50.1,24.3,0.159
EV00243,2023-06-19,Panama Canal,Central America,7.385490313061221,-80.93987935848784,port_congestion,0.65,13.8,7.3,0.241
EV00145,2023-06-20,Houston,North America,28.966134553172846,-95.5959040698239,typhoon_hurricane,0.171,6.4,0.8,0.019
EV00432,2023-06-21,Panama Canal,Central America,8.322115402542904,-77.7589977710399,canal_blockage,0.796,12.2,3.6,0.109
EV00467,2023-06-22,Houston,North America,28.855765388734884,-94.69913242836205,port_congestion,0.122,10.1,0.5,0.007
EV00958,2023-06-23,Shenzhen,East Asia,24.976474602381714,115.92667421800483,typhoon_hurricane,0.068,5.6,0.2,0.008
EV00251,2023-06-27,Kaohsiung,East Asia,24.858704910883283,121.45455139694921,port_congestion,0.13,9.6,0.5,0.053
EV00628,2023-06-27,Los Angeles,North America,33.20264734716449,-119.01549282524151,geopolitical_sanction,0.624,120.6,42.5,0.164
EV00618,2023-06-30,Ho Chi Minh City,Southeast Asia,11.506936940633096,106.29967520977624,typhoon_hurricane,0.335,0.7,0.1,0.075
EV01057,2023-07-03,Singapore,Southeast Asia,-1.3887123336221356,100.2385817159882,labor_strike,0.226,16.0,3.0,0.1
EV00535,2023-07-04,Singapore,Southeast Asia,0.7999651479479244,102.74085924280726,port_congestion,0.109,4.0,0.3,0.029
EV00972,2023-07-08,Houston,North America,29.204597098332723,-95.4200714766515,cyberattack,0.593,5.3,1.6,0.105
EV00150,2023-07-09,Oakland,North America,37.16153400069154,-120.94990917613063,typhoon_hurricane,0.28,2.2,0.4,0.018
EV00580,2023-07-09,Rotterdam,Europe,51.450780262467774,3.045577391524037,labor_strike,0.369,4.7,1.4,0.162
EV00480,2023-07-13,Houston,North America,30.945494568763365,-96.01943528687039,geopolitical_sanction,0.562,26.1,8.5,0.157
EV00905,2023-07-13,Oakland,North America,40.5647098878814,-121.13149014891805,port_congestion,0.693,11.5,4.4,0.234
EV00511,2023-07-14,Chennai,South Asia,13.007747237989282,77.90398428516133,labor_strike,0.465,6.9,1.8,0.14
EV00218,2023-07-19,Houston,North America,30.077396175359354,-97.30542482265221,typhoon_hurricane,0.695,6.6,3.2,0.302
EV00991,2023-07-20,Shenzhen,East Asia,25.382144389608328,114.17057238206993,cyberattack,0.152,3.6,0.4,0.057
EV00149,2023-07-23,Shenzhen,East Asia,22.512852408510756,114.52014972312159,port_congestion,0.546,13.0,5.8,0.108
EV00161,2023-07-23,Busan,East Asia,33.2535222406618,128.71976926675254,labor_strike,0.483,14.8,5.3,0.207
EV00391,2023-07-25,Manzanillo,North America,15.824730228661355,-104.73583375300409,port_congestion,0.317,29.9,8.4,0.09
EV00920,2023-07-31,Chennai,South Asia,12.08173447055647,80.5054667116203,port_congestion,0.275,21.3,3.6,0.051
EV00414,2023-08-02,Suez Canal,Middle East,32.05717878907338,30.590139782554104,port_congestion,0.455,4.0,0.9,0.069
EV01097,2023-08-08,Suez Canal,Middle East,30.010260881847344,30.058722912657327,earthquake,0.327,72.3,9.1,0.056
EV00099,2023-08-08,Houston,North America,28.315381017484192,-95.76611470367828,typhoon_hurricane,0.341,11.7,2.9,0.112
EV00648,2023-08-09,Ho Chi Minh City,Southeast Asia,11.994730329930976,108.72625789127886,port_congestion,0.352,20.9,4.0,0.073
EV00227,2023-08-16,Savannah,North America,33.3984085908857,-81.54257230728612,port_congestion,0.651,25.4,12.8,0.215
EV00137,2023-08-16,Savannah,North America,32.96701127133351,-79.40565650619598,cyberattack,0.649,2.0,0.7,0.212
EV00370,2023-08-16,Singapore,Southeast Asia,3.6452136255521195,102.7423970756348,port_congestion,0.384,31.7,4.4,0.11
EV00429,2023-08-17,Los Angeles,North America,32.28587614097627,-116.99200539624835,typhoon_hurricane,0.598,8.4,4.4,0.075
EV00909,2023-08-17,Panama Canal,Central America,7.683531567925313,-79.33236799447499,port_congestion,0.321,16.5,4.4,0.093
EV00425,2023-08-18,Shenzhen,East Asia,21.46321782198489,116.26291515941438,port_congestion,0.163,12.8,1.5,0.046
EV01138,2023-08-18,Oakland,North America,37.673588989818434,-120.97734338302539,port_congestion,0.095,4.9,0.4,0.041
EV00794,2023-08-23,Los Angeles,North America,36.53524447831128,-117.33685345999577,typhoon_hurricane,0.412,14.3,3.2,0.128
EV00714,2023-08-28,Panama Canal,Central America,8.419208994027237,-80.75638169582629,labor_strike,0.453,3.0,0.6,0.079
EV00982,2023-08-28,Ho Chi Minh City,Southeast Asia,11.43719727487917,106.95296952430593,canal_blockage,0.84,8.6,5.3,0.051
EV00388,2023-08-28,Shenzhen,East Asia,23.58936961359844,114.8959179008429,port_congestion,0.319,3.4,0.4,0.08
EV00758,2023-08-29,Rotterdam,Europe,48.994179594195536,5.057602231851914,labor_strike,0.305,15.7,2.4,0.134
EV00484,2023-08-30,Houston,North America,29.116178112521403,-95.63538273325123,port_congestion,0.088,16.9,0.9,0.018
EV00653,2023-09-01,Shenzhen,East Asia,23.446480274154368,113.66606961768638,port_congestion,0.126,24.3,2.6,0.044
EV00578,2023-09-01,Panama Canal,Central America,8.62679932253317,-80.00094422551726,typhoon_hurricane,0.491,5.6,1.2,0.18
EV00376,2023-09-02,Kaohsiung,East Asia,22.85805737093777,120.16896353061907,port_congestion,0.18,12.9,0.7,0.011
EV00091,2023-09-04,Los Angeles,North America,34.94522132313626,-118.0162044124066,port_congestion,0.272,22.3,4.9,0.071
EV00170,2023-09-05,Savannah,North America,30.377931372724156,-79.36596060153481,geopolitical_sanction,0.22,67.2,12.2,0.07
EV00124,2023-09-05,Rotterdam,Europe,52.37781872490675,3.0380769192814507,port_congestion,0.457,12.3,4.7,0.03
EV00825,2023-09-05,Savannah,North America,32.87397340408687,-82.49276298558573,geopolitical_sanction,0.544,45.8,20.8,0.037
EV00664,2023-09-06,Houston,North America,30.44309632082505,-95.92858765937693,geopolitical_sanction,0.591,58.2,27.4,0.246
EV00177,2023-09-08,Chennai,South Asia,14.146747690098927,80.89767902557789,earthquake,0.762,72.8,34.7,0.127
EV00200,2023-09-11,Chennai,South Asia,14.262877285605349,81.55548484322375,geopolitical_sanction,0.444,12.1,2.6,0.125
EV01183,2023-09-11,Rotterdam,Europe,52.037458125686385,3.8453091120534992,typhoon_hurricane,0.604,5.3,2.1,0.202
EV00936,2023-09-18,Savannah,North America,31.891486545290054,-81.73779993563282,typhoon_hurricane,0.042,2.8,0.1,0.005
EV00108,2023-09-19,Rotterdam,Europe,51.60183020774642,5.576691469926796,port_congestion,0.424,10.3,3.2,0.116
EV00122,2023-09-21,Chennai,South Asia,11.355389196906179,80.92916323191942,geopolitical_sanction,0.623,44.1,14.3,0.171
EV00118,2023-09-23,Ho Chi Minh City,Southeast Asia,11.72312167860397,108.58857192517124,canal_blockage,0.315,5.0,1.0,0.029
EV00061,2023-09-23,Suez Canal,Middle East,30.451389183251464,31.740653689035977,port_congestion,0.318,7.7,0.8,0.065
EV00970,2023-09-30,Singapore,Southeast Asia,-0.7665592588143859,103.66247642661315,labor_strike,0.157,9.6,1.0,0.034
EV01181,2023-10-01,Manzanillo,North America,19.09576811221729,-103.3977325531028,port_congestion,0.431,6.2,2.1,0.143
EV00464,2023-10-04,Singapore,Southeast Asia,2.0469726623406532,104.87862588104667,typhoon_hurricane,0.571,6.6,2.1,0.173
EV00106,2023-10-08,Panama Canal,Central America,7.719459142373694,-76.79633952008554,labor_strike,0.098,6.5,0.3,0.028
EV00792,2023-10-10,Shenzhen,East Asia,23.383249881337246,114.26643378928945,canal_blockage,0.507,0.5,0.2,0.222
EV00904,2023-10-10,Shanghai,East Asia,32.676879058052116,120.75932614062415,typhoon_hurricane,0.419,2.4,0.4,0.027
EV00935,2023-10-10,Los Angeles,North America,34.30353666229242,-120.73004576338506,geopolitical_sanction,0.308,30.3,4.2,0.037
EV01189,2023-10-12,Ho Chi Minh City,Southeast Asia,11.933475987569171,109.23915694522891,geopolitical_sanction,0.622,54.5,30.1,0.134
EV00634,2023-10-12,Ho Chi Minh City,Southeast Asia,12.487910257679513,106.20313892179408,port_congestion,0.117,2.6,0.2,0.037
EV00129,2023-10-13,Chennai,South Asia,14.266633439693361,79.14372815874607,typhoon_hurricane,0.658,10.0,3.6,0.156
EV00748,2023-10-16,Kaohsiung,East Asia,22.95895016139788,119.92187972401712,port_congestion,0.221,15.4,2.7,0.091
EV00416,2023-10-17,Houston,North America,29.387924530443232,-95.43701042854258,labor_strike,0.761,0.4,0.2,0.269
EV00799,2023-10-18,Rotterdam,Europe,50.30866515273173,2.5123079228444793,port_congestion,0.023,7.9,0.1,0.005
EV00954,2023-10-18,Kaohsiung,East Asia,21.720635930204413,122.90188972365368,labor_strike,0.385,11.9,2.7,0.065
EV00328,2023-10-20,Los Angeles,North America,32.83523475680289,-121.02068372978528,rail_derailment,0.189,5.1,0.7,0.076
EV00953,2023-10-22,Manzanillo,North America,20.563550480549804,-105.9502636272139,port_congestion,0.275,11.4,2.5,0.035
EV01028,2023-10-26,Rotterdam,Europe,54.10286371227143,4.989978718977531,port_congestion,0.282,12.4,2.2,0.076
EV01096,2023-10-28,Shenzhen,East Asia,20.70371893015564,112.81265871194769,typhoon_hurricane,0.18,2.7,0.3,0.076
EV00766,2023-10-29,Savannah,North America,30.88633930450837,-79.87283166859164,port_congestion,0.604,27.6,11.8,0.257
EV00262,2023-10-30,Oakland,North America,38.7692782092857,-123.83066957772404,cyberattack,0.164,7.9,1.0,0.031
EV01112,2023-11-01,Houston,North America,33.08376014972737,-93.72644454358078,rail_derailment,0.289,2.8,0.5,0.111
EV00876,2023-11-01,Shenzhen,East Asia,22.89609333235678,113.557125277462,typhoon_hurricane,0.584,6.2,1.8,0.141
EV00180,2023-11-07,Manzanillo,North America,19.095885143806864,-104.72626149653658,cyberattack,0.529,4.8,1.3,0.06
EV01179,2023-11-10,Panama Canal,Central America,9.696451676973215,-77.30673625521383,rail_derailment,0.137,0.6,0.1,0.009
EV00635,2023-11-12,Ho Chi Minh City,Southeast Asia,11.453363251779212,108.45269478296639,port_congestion,0.373,25.0,5.1,0.109
EV00686,2023-11-15,Kaohsiung,East Asia,22.695438100783885,123.46934837473468,typhoon_hurricane,0.319,6.0,1.6,0.076
EV00519,2023-11-15,Singapore,Southeast Asia,0.9316605205409988,104.56129659168936,typhoon_hurricane,0.393,0.3,0.1,0.159
EV00841,2023-11-17,Rotterdam,Europe,52.5880317262323,5.57341954318009,typhoon_hurricane,0.76,10.8,4.5,0.334
EV00498,2023-11-17,Suez Canal,Middle East,31.605297511138,31.64809600944848,geopolitical_sanction,0.904,50.2,36.6,0.177
EV00365,2023-11-19,Houston,North America,28.198356611751976,-94.22675991619379,labor_strike,0.378,11.7,2.5,0.118
EV00452,2023-11-21,Chennai,South Asia,13.352004272952383,79.20218730117469,earthquake,0.779,2.4,0.7,0.189
EV01006,2023-11-23,Busan,East Asia,36.89686293558919,129.23014707191143,port_congestion,0.046,9.1,0.1,0.021
EV00139,2023-11-28,Kaohsiung,East Asia,23.332533569590183,120.02856295362551,port_congestion,0.271,13.1,1.1,0.094
EV00216,2023-12-02,Oakland,North America,35.32122544679162,-122.81753763757463,typhoon_hurricane,0.25,3.1,0.6,0.068
EV01106,2023-12-04,Oakland,North America,38.33107879744753,-122.50383287266101,rail_derailment,0.345,5.2,1.1,0.042
EV00726,2023-12-05,Oakland,North America,37.76892419525405,-122.12622174358187,geopolitical_sanction,0.776,22.7,12.4,0.294
EV00466,2023-12-05,Chennai,South Asia,13.33952796467856,82.00942509599777,cyberattack,0.35,5.8,1.6,0.025
EV00497,2023-12-14,Oakland,North America,38.161370620310066,-121.95743031537364,typhoon_hurricane,0.205,9.2,1.0,0.042
EV00173,2023-12-15,Rotterdam,Europe,53.248247416910644,6.71658990077571,cyberattack,0.515,3.1,1.2,0.199
EV00652,2023-12-22,Chennai,South Asia,12.757440989920045,79.51120609989356,labor_strike,0.455,7.7,2.4,0.114
EV00264,2023-12-24,Savannah,North America,33.46585943535676,-81.78978344347645,typhoon_hurricane,0.447,7.9,1.5,0.115
EV00491,2023-12-24,Ho Chi Minh City,Southeast Asia,9.683892145244936,106.18189745983062,earthquake,0.737,29.6,11.6,0.296
EV00863,2024-01-01,Shenzhen,East Asia,24.52213925977324,112.25390097891079,port_congestion,0.54,3.6,0.9,0.137
EV00587,2024-01-05,Panama Canal,Central America,6.976394115056147,-80.29072383430456,typhoon_hurricane,0.258,1.7,0.2,0.114
EV00457,2024-01-05,Oakland,North America,37.37187129588182,-122.55086337687169,port_congestion,0.315,9.3,1.8,0.14
EV00808,2024-01-08,Singapore,Southeast Asia,1.2340563316699136,104.42780215529324,rail_derailment,0.217,5.3,0.5,0.021
EV00992,2024-01-09,Kaohsiung,East Asia,22.384935257907472,118.49411303837351,port_congestion,0.625,9.3,2.9,0.233
EV00943,2024-01-09,Ho Chi Minh City,Southeast Asia,9.185069580476895,109.12666862656444,port_congestion,0.344,16.9,2.8,0.146
EV01029,2024-01-10,Oakland,North America,38.55919485709512,-124.03058214344651,port_congestion,0.869,7.1,4.2,0.277
EV00343,2024-01-11,Panama Canal,Central America,10.878687969661968,-82.85419259470552,geopolitical_sanction,0.807,19.8,11.0,0.093
EV00367,2024-01-14,Suez Canal,Middle East,29.680054440395704,36.55077315854315,labor_strike,0.262,12.0,1.9,0.051
EV00677,2024-01-23,Suez Canal,Middle East,33.14894753906177,30.899437894863567,typhoon_hurricane,0.568,10.0,5.0,0.206
EV00074,2024-01-23,Suez Canal,Middle East,33.53058306378236,32.826001079566055,typhoon_hurricane,0.458,6.1,0.8,0.121
EV00055,2024-01-26,Houston,North America,28.164592097463647,-100.26263624744294,rail_derailment,0.06,2.9,0.1,0.015
EV00745,2024-01-27,Savannah,North America,32.85623362069275,-82.63410049661286,labor_strike,0.101,24.9,1.8,0.038
EV00615,2024-01-27,Chennai,South Asia,11.251750389154491,80.72216898133642,cyberattack,0.712,5.8,2.6,0.213
EV00080,2024-01-30,Rotterdam,Europe,51.762397151628726,4.743886040579557,port_congestion,0.618,3.7,0.7,0.275
EV00244,2024-02-02,Suez Canal,Middle East,30.373162146726056,28.865318000700135,typhoon_hurricane,0.702,9.4,4.3,0.069
EV00028,2024-02-02,Suez Canal,Middle East,30.799285219164425,33.06348109812159,labor_strike,0.493,12.8,2.9,0.114
EV00024,2024-02-03,Manzanillo,North America,17.73931758511621,-102.18449725298792,cyberattack,0.309,1.1,0.3,0.074
EV00927,2024-02-07,Ho Chi Minh City,Southeast Asia,10.474718600642637,106.28088776943473,rail_derailment,0.359,12.2,3.1,0.099
EV00708,2024-02-07,Oakland,North America,37.59176964064827,-121.02730129296351,rail_derailment,0.369,4.0,1.1,0.152
EV00724,2024-02-08,Los Angeles,North America,32.31291637428049,-117.69530150162477,earthquake,0.706,57.6,19.8,0.294
EV00797,2024-02-09,Houston,North America,32.61190165335212,-98.06632644425301,cyberattack,0.057,2.8,0.1,0.018
EV00979,2024-02-10,Houston,North America,29.318169764903534,-96.57557882178457,geopolitical_sanction,0.422,6.3,1.9,0.153
EV00321,2024-02-11,Kaohsiung,East Asia,20.822419731166352,119.95728368610321,typhoon_hurricane,0.541,3.9,1.3,0.191
EV00872,2024-02-14,Houston,North America,29.089956303784092,-97.15482218112291,port_congestion,0.359,35.1,5.6,0.156
EV00750,2024-02-16,Manzanillo,North America,21.49823567854655,-102.07991009388388,geopolitical_sanction,0.46,27.9,7.7,0.197
EV00971,2024-02-16,Chennai,South Asia,15.737108655149939,79.58987450801962,typhoon_hurricane,0.338,4.8,0.9,0.08
EV00548,2024-02-20,Houston,North America,29.130056549581308,-92.53771106252702,port_congestion,0.124,15.0,0.6,0.027
EV01012,2024-02-22,Oakland,North America,37.470957629200754,-121.80606549188582,typhoon_hurricane,0.256,3.8,0.6,0.039
EV01051,2024-02-22,Panama Canal,Central America,10.569238467086949,-78.48617363549545,cyberattack,0.277,11.7,2.5,0.084
EV01080,2024-02-22,Los Angeles,North America,31.38009372974261,-116.74969432405224,rail_derailment,0.201,0.2,0.0,0.062
EV01031,2024-02-23,Chennai,South Asia,11.327797644241592,81.88674462409188,port_congestion,0.68,22.5,12.0,0.189
EV00645,2024-02-24,Manzanillo,North America,18.996372387396633,-105.6749662872168,cyberattack,0.18,8.0,1.1,0.013
EV00018,2024-02-25,Shenzhen,East Asia,20.56496468406602,112.92232587955986,rail_derailment,0.429,6.3,1.4,0.173
EV00558,2024-02-26,Rotterdam,Europe,54.691314721834026,3.875275476897204,cyberattack,0.466,9.6,2.8,0.117
EV01011,2024-02-28,Chennai,South Asia,14.193052363979097,80.73509752772657,typhoon_hurricane,0.528,8.0,2.0,0.236
EV00435,2024-03-03,Los Angeles,North America,33.66648414620745,-119.81721709905757,geopolitical_sanction,0.381,25.5,5.1,0.032
EV01190,2024-03-03,Ho Chi Minh City,Southeast Asia,10.999007825860444,103.43345292253453,port_congestion,0.437,9.0,1.7,0.156
EV00209,2024-03-04,Houston,North America,32.236683103098535,-95.88921422469546,geopolitical_sanction,0.701,79.4,49.6,0.194
EV00986,2024-03-05,Singapore,Southeast Asia,2.9341703611066317,106.56001327822092,rail_derailment,0.497,1.0,0.3,0.116
EV00709,2024-03-12,Shenzhen,East Asia,21.788129731565917,112.78749754206777,canal_blockage,0.658,24.9,11.2,0.258
EV00783,2024-03-19,Oakland,North America,37.82382586049323,-120.53792864518027,earthquake,0.689,14.5,5.5,0.302
EV00176,2024-03-24,Savannah,North America,35.39985749947186,-81.37209668820779,typhoon_hurricane,0.194,4.4,0.3,0.02
EV01027,2024-03-26,Manzanillo,North America,17.78516510514468,-105.03800733014167,port_congestion,0.115,14.2,0.8,0.019
EV00561,2024-03-28,Manzanillo,North America,17.120794211856563,-104.0518790451628,labor_strike,0.536,19.6,9.1,0.161
EV00042,2024-03-29,Oakland,North America,38.431314074900065,-123.34936597340923,earthquake,0.757,15.5,3.7,0.314
EV01132,2024-03-31,Suez Canal,Middle East,29.420026153561956,32.49463555587239,rail_derailment,0.184,7.4,0.5,0.036
EV00810,2024-04-06,Busan,East Asia,37.10858281533175,130.1526460185133,cyberattack,0.379,2.8,0.5,0.161
EV01003,2024-04-12,Oakland,North America,37.15311225457986,-124.50100199612457,port_congestion,0.033,12.1,0.2,0.006
EV00738,2024-04-13,Ho Chi Minh City,Southeast Asia,10.129562806121186,106.17504329330573,typhoon_hurricane,0.193,13.9,2.3,0.08
EV00913,2024-04-13,Rotterdam,Europe,52.78300146189791,3.9307509582519238,labor_strike,0.05,7.3,0.2,0.004
EV00299,2024-04-14,Savannah,North America,28.194728400985365,-82.12114206561122,port_congestion,0.082,31.5,2.1,0.022
EV00623,2024-04-22,Ho Chi Minh City,Southeast Asia,7.78250164687814,104.85521132549898,geopolitical_sanction,0.805,6.8,4.0,0.271
EV00568,2024-04-24,Savannah,North America,29.592333701021648,-80.34767476778963,earthquake,0.483,6.3,1.6,0.04
EV00386,2024-04-26,Singapore,Southeast Asia,1.2858937601101614,103.63769264132428,typhoon_hurricane,0.542,2.2,0.8,0.036
EV01090,2024-04-28,Shanghai,East Asia,29.867944958381205,122.27680654287217,port_congestion,0.202,15.0,2.6,0.071
EV00088,2024-04-30,Manzanillo,North America,20.528475512937046,-104.02549411399961,typhoon_hurricane,0.635,5.3,1.1,0.229
EV00742,2024-05-03,Ho Chi Minh City,Southeast Asia,11.662840883367933,107.48667409110644,typhoon_hurricane,0.522,5.4,1.3,0.2
EV00915,2024-05-05,Ho Chi Minh City,Southeast Asia,13.775149384362615,109.91597919420667,typhoon_hurricane,0.397,2.9,0.5,0.07
EV00627,2024-05-09,Manzanillo,North America,21.00878714506171,-103.77438615653453,port_congestion,0.08,2.5,0.1,0.02
EV00069,2024-05-10,Manzanillo,North America,18.677649289070242,-104.22748016325673,labor_strike,0.193,13.5,1.9,0.078
EV00049,2024-05-12,Shanghai,East Asia,31.396386506175006,119.60535842462644,geopolitical_sanction,0.811,34.6,20.2,0.272
EV00339,2024-05-16,Savannah,North America,34.442883849057445,-80.3943870682677,labor_strike,0.231,9.5,1.9,0.079
EV00319,2024-05-16,Shanghai,East Asia,30.46068247445052,121.98084182806295,rail_derailment,0.146,3.4,0.4,0.043
EV00873,2024-05-17,Chennai,South Asia,14.00854478627787,82.07402248093018,rail_derailment,0.285,4.1,0.6,0.073
EV00817,2024-05-21,Singapore,Southeast Asia,1.799886585398683,102.81553763680239,typhoon_hurricane,0.411,8.5,2.8,0.155
EV00711,2024-05-21,Busan,East Asia,37.00901886715127,127.60492024616745,canal_blockage,0.573,9.2,4.0,0.067
EV00046,2024-05-22,Shenzhen,East Asia,21.01265657083457,113.61453797641691,canal_blockage,0.729,8.1,5.1,0.31
EV00265,2024-05-29,Ho Chi Minh City,Southeast Asia,6.377152606469441,106.8044552223864,port_congestion,0.344,2.9,0.4,0.142
EV00027,2024-05-31,Chennai,South Asia,12.18262179305741,81.04722722335433,port_congestion,0.087,13.1,0.8,0.029
EV00476,2024-05-31,Busan,East Asia,36.9295712579542,128.7918586573194,typhoon_hurricane,0.327,1.3,0.3,0.043
EV00348,2024-06-02,Los Angeles,North America,36.76593844983468,-117.09640951524534,earthquake,0.684,39.8,10.3,0.15
EV00041,2024-06-02,Kaohsiung,East Asia,23.783377406853155,121.73079885284925,cyberattack,0.633,5.0,1.0,0.157
EV00500,2024-06-03,Singapore,Southeast Asia,0.8029774286848821,104.22405780823853,rail_derailment,0.604,2.9,1.5,0.095
EV01185,2024-06-05,Savannah,North America,32.640606133039284,-81.81666988149797,typhoon_hurricane,0.26,15.4,1.7,0.029
EV00712,2024-06-07,Rotterdam,Europe,52.58678456051809,6.495002618393843,port_congestion,0.036,4.7,0.1,0.003
EV00995,2024-06-12,Singapore,Southeast Asia,4.463133440534866,103.39602934777247,rail_derailment,0.42,4.4,1.1,0.052
EV00379,2024-06-15,Kaohsiung,East Asia,18.872564279443466,119.83811938497804,cyberattack,0.503,8.7,2.0,0.193
EV00023,2024-06-15,Singapore,Southeast Asia,-0.24866471141992497,103.53796528914378,port_congestion,0.368,30.0,7.8,0.152
EV00845,2024-06-16,Shanghai,East Asia,28.759754493427614,121.26602968792845,geopolitical_sanction,0.588,93.9,18.0,0.137
EV00151,2024-06-16,Oakland,North America,37.645325491835905,-122.02938011632448,canal_blockage,0.918,9.0,3.8,0.214
EV00793,2024-06-17,Los Angeles,North America,29.572645653023656,-118.72644781870207,canal_blockage,0.634,2.0,0.4,0.248
EV00372,2024-06-18,Busan,East Asia,31.796330837754898,128.63955028398493,geopolitical_sanction,0.131,20.4,1.9,0.014
EV00470,2024-06-19,Ho Chi Minh City,Southeast Asia,7.480652149764717,108.4560108253152,labor_strike,0.496,9.5,1.8,0.106
EV00687,2024-06-23,Chennai,South Asia,13.440330985904891,82.42460753525289,earthquake,0.763,20.6,7.1,0.201
EV00345,2024-06-24,Panama Canal,Central America,9.778064591190509,-81.18430615478407,port_congestion,0.266,9.8,1.2,0.052
EV00306,2024-06-30,Singapore,Southeast Asia,2.51063113342281,106.01515335706429,port_congestion,0.452,3.3,0.9,0.154
EV00152,2024-07-04,Suez Canal,Middle East,31.854733831307826,31.72051486328179,labor_strike,0.276,6.4,0.8,0.062
EV00181,2024-07-14,Shanghai,East Asia,31.69461212659684,121.37135768786202,typhoon_hurricane,0.33,2.3,0.3,0.129
EV00965,2024-07-14,Chennai,South Asia,12.954977089623812,79.67223120814101,rail_derailment,0.228,3.8,0.3,0.065
EV01108,2024-07-15,Ho Chi Minh City,Southeast Asia,11.71020846753991,108.42754457837239,port_congestion,0.104,6.4,0.2,0.012
EV00857,2024-07-16,Manzanillo,North America,16.540271272974408,-100.59493046207673,labor_strike,0.324,28.8,3.0,0.067
EV01178,2024-07-17,Los Angeles,North America,31.287762867101833,-118.20241221981499,port_congestion,0.597,2.5,1.1,0.21
EV00599,2024-07-19,Ho Chi Minh City,Southeast Asia,11.24605094707066,105.70587980612774,port_congestion,0.313,4.3,0.9,0.078
EV00723,2024-07-19,Suez Canal,Middle East,31.132802647594307,31.38966315249769,labor_strike,0.447,9.5,1.8,0.179
EV01192,2024-07-21,Kaohsiung,East Asia,21.11638683394998,120.76276740424643,geopolitical_sanction,0.336,71.5,7.7,0.052
EV00671,2024-07-22,Kaohsiung,East Asia,22.398380176446633,122.53889567520265,geopolitical_sanction,0.151,13.9,1.1,0.019
EV00431,2024-07-24,Singapore,Southeast Asia,2.330865402377479,102.97151262355068,rail_derailment,0.085,3.1,0.2,0.026
EV00322,2024-07-25,Singapore,Southeast Asia,-0.2394195130481105,102.49474801730346,labor_strike,0.523,4.5,1.3,0.194
EV00866,2024-07-26,Chennai,South Asia,11.562578381777918,82.45718688415587,port_congestion,0.336,29.6,3.7,0.101
EV00522,2024-07-28,Busan,East Asia,34.15690130774951,128.77081142553322,rail_derailment,0.267,3.8,0.8,0.106
EV01182,2024-07-30,Ho Chi Minh City,Southeast Asia,10.122949152636322,109.63209857952542,labor_strike,0.711,10.0,5.3,0.293
EV00949,2024-08-04,Rotterdam,Europe,54.207716793473026,5.008663388769792,port_congestion,0.286,16.7,4.0,0.101
EV00675,2024-08-07,Shenzhen,East Asia,23.5733790277016,113.67556067935128,typhoon_hurricane,0.521,10.6,4.3,0.163
EV00292,2024-08-12,Shenzhen,East Asia,19.945358314891678,112.6981848082906,typhoon_hurricane,0.418,4.2,1.1,0.085
EV01095,2024-08-13,Chennai,South Asia,12.255988866349,82.90618314092195,port_congestion,0.424,19.9,6.4,0.149
EV00459,2024-08-21,Oakland,North America,38.00097300314261,-120.55579044976163,cyberattack,0.124,6.4,0.7,0.006
EV01162,2024-08-21,Shanghai,East Asia,29.817345565009457,121.96174788702677,port_congestion,0.193,4.7,0.8,0.068
EV00317,2024-08-22,Kaohsiung,East Asia,22.62246610581667,119.31339056092834,geopolitical_sanction,0.308,46.8,4.6,0.075
EV00617,2024-08-23,Shanghai,East Asia,29.478318458316718,122.56245919573287,rail_derailment,0.175,4.8,0.6,0.041
EV00983,2024-08-26,Singapore,Southeast Asia,1.8421673816559425,103.52420723221643,port_congestion,0.352,9.8,2.6,0.021
EV00289,2024-08-30,Chennai,South Asia,14.964424851409536,79.82052599679912,port_congestion,0.279,8.5,1.4,0.086
EV00268,2024-08-31,Shenzhen,East Asia,22.91367565190339,112.91530098204004,port_congestion,0.568,2.3,1.1,0.182
EV00341,2024-09-01,Chennai,South Asia,14.634953692578817,79.26308918904208,typhoon_hurricane,0.594,3.6,0.9,0.137
EV00269,2024-09-02,Savannah,North America,30.82597965670384,-83.6586235124021,port_congestion,0.147,13.9,1.7,0.039
EV01187,2024-09-09,Panama Canal,Central America,7.832925132089768,-79.65250569249864,port_congestion,0.435,8.8,2.0,0.171
EV00639,2024-09-10,Los Angeles,North America,31.090110330155944,-117.24799383116606,cyberattack,0.173,0.7,0.1,0.017
EV00298,2024-09-17,Rotterdam,Europe,51.42446988889446,5.364969859537447,earthquake,0.832,19.6,5.9,0.103
EV00765,2024-09-19,Rotterdam,Europe,50.32963997106018,4.687250914987193,rail_derailment,0.143,7.7,0.8,0.062
EV00968,2024-09-22,Suez Canal,Middle East,30.871495890427603,31.705684495358657,typhoon_hurricane,0.204,2.5,0.4,0.045
EV00148,2024-09-29,Suez Canal,Middle East,28.13974972626191,32.10583719350086,rail_derailment,0.374,9.1,1.8,0.03
EV00978,2024-10-02,Singapore,Southeast Asia,-1.172128415415135,104.19374916454593,geopolitical_sanction,0.624,74.6,19.3,0.073
EV00016,2024-10-07,Shenzhen,East Asia,23.331876435355344,114.648225940807,port_congestion,0.415,8.8,1.1,0.046
EV00598,2024-10-13,Panama Canal,Central America,8.180991876836497,-83.14420622216711,port_congestion,0.213,18.0,1.6,0.055
EV00354,2024-10-17,Manzanillo,North America,18.655024743897876,-104.04458936496705,canal_blockage,0.744,10.9,6.4,0.222
EV00134,2024-10-19,Oakland,North America,41.12362471667518,-119.10084589102199,port_congestion,0.293,10.6,1.4,0.053
EV00848,2024-10-23,Los Angeles,North America,33.73416749173376,-119.18736001149821,rail_derailment,0.093,4.7,0.3,0.028
EV00438,2024-10-23,Oakland,North America,38.75548892326712,-123.02524941799518,geopolitical_sanction,0.407,44.8,8.9,0.106
EV00465,2024-10-23,Houston,North America,29.660598469406324,-92.047751814886,typhoon_hurricane,0.639,8.2,4.0,0.166
EV00492,2024-10-23,Oakland,North America,34.84297198033284,-122.83972744908479,rail_derailment,0.183,1.7,0.2,0.037
EV00109,2024-10-23,Singapore,Southeast Asia,-0.3624536688930138,104.26297407231307,earthquake,0.683,6.4,3.3,0.29
EV00186,2024-10-25,Los Angeles,North America,32.83226119994539,-117.72732678105793,geopolitical_sanction,0.552,65.3,32.4,0.166
EV00387,2024-10-26,Rotterdam,Europe,52.32369839453757,5.95754086995132,typhoon_hurricane,0.477,2.8,0.9,0.038
EV00297,2024-10-27,Suez Canal,Middle East,28.27481815421783,34.81688701217897,labor_strike,0.25,4.5,0.4,0.031
EV00717,2024-10-29,Busan,East Asia,35.22552174267512,129.7958065929454,port_congestion,0.063,11.0,0.3,0.025
EV00755,2024-10-29,Suez Canal,Middle East,29.777274066426614,36.43038077365235,geopolitical_sanction,0.465,26.3,8.0,0.051
EV00956,2024-10-29,Ho Chi Minh City,Southeast Asia,10.142443885717569,106.9633755545062,rail_derailment,0.419,1.7,0.4,0.187
EV00706,2024-11-01,Savannah,North America,30.171888770232826,-83.22967224770026,port_congestion,0.129,13.2,1.2,0.047
EV00516,2024-11-03,Los Angeles,North America,34.81190887787834,-118.76432546920945,port_congestion,0.583,12.7,3.4,0.188
EV01004,2024-11-08,Chennai,South Asia,13.490174448145462,79.06480332405371,typhoon_hurricane,0.551,0.5,0.1,0.033
EV00821,2024-11-10,Manzanillo,North America,19.526339966947965,-103.72211400367657,typhoon_hurricane,0.767,4.3,1.7,0.096
EV00223,2024-11-11,Houston,North America,30.005730585199064,-96.57631763119036,labor_strike,0.069,3.6,0.2,0.014
EV00130,2024-11-15,Ho Chi Minh City,Southeast Asia,10.375683309119479,106.23716056599511,port_congestion,0.224,4.6,0.5,0.078
EV00570,2024-11-17,Oakland,North America,35.35942053583621,-121.54671271420779,port_congestion,0.216,18.3,3.2,0.075
EV00591,2024-11-20,Savannah,North America,31.386547199378327,-82.35041081775105,labor_strike,0.751,12.9,3.6,0.313
EV00649,2024-11-25,Houston,North America,27.80658693389799,-96.00257171287592,port_congestion,0.39,0.8,0.1,0.169
EV00050,2024-11-28,Busan,East Asia,36.886241661593914,130.5795780020683,cyberattack,0.693,1.3,0.8,0.035
EV00862,2024-11-29,Savannah,North America,32.559071850564834,-83.01834026457398,port_congestion,0.482,7.8,2.7,0.176
EV00865,2024-11-30,Rotterdam,Europe,51.29376134205282,5.736165206973217,typhoon_hurricane,0.469,3.0,1.1,0.153
EV00600,2024-12-02,Singapore,Southeast Asia,2.6476841128218305,103.61015725016198,port_congestion,0.435,18.3,6.9,0.16
EV00390,2024-12-02,Shenzhen,East Asia,23.848582267698426,113.02876812301496,earthquake,0.581,17.3,6.7,0.148
EV00441,2024-12-04,Houston,North America,29.068878282348884,-97.60325808101676,port_congestion,0.55,3.2,1.3,0.245
EV00855,2024-12-05,Chennai,South Asia,13.678741267633926,79.10203576701103,typhoon_hurricane,0.55,1.1,0.4,0.245
EV00070,2024-12-06,Houston,North America,32.62724064985983,-97.81384059881985,labor_strike,0.401,9.4,2.3,0.083
EV00924,2024-12-06,Houston,North America,30.979921208834117,-97.35016763222346,geopolitical_sanction,0.323,7.6,1.2,0.118
EV00752,2024-12-07,Oakland,North America,39.58533465319015,-121.24795187887081,port_congestion,0.718,10.6,3.8,0.298
EV01186,2024-12-10,Houston,North America,32.567236059786154,-93.40899160837658,port_congestion,0.627,18.0,9.7,0.273
EV00976,2024-12-10,Los Angeles,North America,32.84803612001492,-116.84942567156436,typhoon_hurricane,0.639,3.5,0.9,0.129
EV00330,2024-12-13,Houston,North America,29.709311180199073,-94.0479500634226,typhoon_hurricane,0.462,7.2,1.1,0.125
EV01194,2024-12-14,Ho Chi Minh City,Southeast Asia,11.956062398666429,103.67304234493997,port_congestion,0.695,6.1,3.4,0.307
EV00155,2024-12-14,Houston,North America,32.10291841378082,-95.13087431484657,port_congestion,0.415,9.7,1.8,0.151
EV00291,2024-12-20,Houston,North America,28.50812727946964,-96.15510988399188,geopolitical_sanction,0.626,30.0,13.2,0.069
EV00174,2024-12-21,Shanghai,East Asia,29.308350183822828,119.38048563334434,port_congestion,0.199,6.0,0.7,0.044
EV00666,2024-12-22,Oakland,North America,39.90536813968102,-122.1454251932751,cyberattack,0.603,8.1,1.6,0.092
EV00837,2024-12-25,Manzanillo,North America,18.985331453387957,-107.03364088414496,typhoon_hurricane,0.434,9.2,2.0,0.093
EV01177,2024-12-26,Panama Canal,Central America,8.583236636154611,-79.94557190125373,typhoon_hurricane,0.616,4.1,2.1,0.238
EV00619,2024-12-26,Oakland,North America,39.760851906171155,-122.56742436394924,port_congestion,0.346,11.5,2.3,0.086
EV01197,2024-12-27,Manzanillo,North America,19.827455567522023,-104.19760053669678,geopolitical_sanction,0.629,69.5,13.2,0.058
EV00082,2024-12-28,Savannah,North America,31.579433692529566,-81.93888709921218,typhoon_hurricane,0.159,3.3,0.5,0.07
EV00400,2025-01-02,Panama Canal,Central America,9.87765784405223,-78.07115928250013,rail_derailment,0.389,4.2,1.1,0.145
EV00350,2025-01-04,Manzanillo,North America,19.143387352802456,-104.13760813492354,labor_strike,0.692,15.0,3.7,0.04
EV00071,2025-01-08,Kaohsiung,East Asia,24.37016296741309,122.51964958072229,port_congestion,0.436,3.8,1.3,0.112
EV00447,2025-01-11,Panama Canal,Central America,10.231226495978234,-80.0540691729059,rail_derailment,0.607,1.4,0.7,0.137
EV00097,2025-01-14,Suez Canal,Middle East,30.644670250418354,33.30642013109286,labor_strike,0.268,7.1,0.8,0.086
EV00901,2025-01-19,Chennai,South Asia,12.104731643351869,79.9870859338931,cyberattack,0.844,2.1,0.8,0.049
EV00442,2025-01-19,Suez Canal,Middle East,32.5118379466497,33.307282886564074,port_congestion,0.111,13.2,0.5,0.043
EV00212,2025-01-21,Shanghai,East Asia,31.842190038877924,119.7453879432704,geopolitical_sanction,0.256,31.8,6.3,0.063
EV00004,2025-01-22,Rotterdam,Europe,50.65417268328806,4.609109997716208,port_congestion,0.613,8.0,2.3,0.114
EV01143,2025-01-25,Busan,East Asia,34.59322544402093,128.11368298859992,geopolitical_sanction,0.317,50.6,9.8,0.074
EV01065,2025-01-26,Chennai,South Asia,16.944720355684392,80.6689615428908,typhoon_hurricane,0.58,5.1,1.8,0.063
EV00729,2025-01-26,Panama Canal,Central America,8.949338577357791,-81.7189966723789,port_congestion,0.091,6.7,0.5,0.016
EV00833,2025-01-30,Oakland,North America,37.27031452374121,-124.61338954438672,rail_derailment,0.092,5.0,0.3,0.041
EV00084,2025-01-30,Busan,East Asia,33.80551085825415,128.01221946636525,port_congestion,0.604,14.2,3.8,0.074
EV00851,2025-01-31,Savannah,North America,32.523723823131476,-82.23964806815707,port_congestion,0.348,10.0,3.1,0.14
EV00199,2025-02-01,Shenzhen,East Asia,24.05209208611276,114.92385765172696,canal_blockage,0.483,6.4,2.0,0.05
EV00658,2025-02-01,Busan,East Asia,35.704636669609506,131.26719159085337,cyberattack,0.558,0.0,0.0,0.128
EV00230,2025-02-01,Rotterdam,Europe,52.4070048505047,3.505124181904817,cyberattack,0.578,8.3,4.0,0.06
EV00803,2025-02-04,Savannah,North America,32.42835542453283,-82.69059725872343,rail_derailment,0.198,0.7,0.1,0.043
EV00987,2025-02-05,Suez Canal,Middle East,29.745054776848484,29.416801860430102,port_congestion,0.44,13.7,1.9,0.184
EV01166,2025-02-06,Singapore,Southeast Asia,3.9586510007036373,102.89652636563216,canal_blockage,0.72,7.5,2.9,0.17
EV00912,2025-02-09,Shenzhen,East Asia,23.19693306314321,112.80553801856395,geopolitical_sanction,0.617,33.2,18.4,0.034
EV00846,2025-02-16,Los Angeles,North America,34.541084965266855,-117.9327758769894,port_congestion,0.156,4.9,0.3,0.018
EV00832,2025-02-19,Kaohsiung,East Asia,22.71752345867798,117.7395950254516,cyberattack,0.331,2.4,0.4,0.119
EV00031,2025-02-20,Rotterdam,Europe,49.750851863433375,4.641695248134693,rail_derailment,0.402,1.3,0.2,0.159
EV01156,2025-02-24,Ho Chi Minh City,Southeast Asia,11.888889209654657,107.48491771200526,typhoon_hurricane,0.613,6.6,1.9,0.137
EV00690,2025-02-25,Savannah,North America,30.55016878687105,-80.73087810329407,labor_strike,0.445,8.7,2.3,0.194
EV00320,2025-02-27,Suez Canal,Middle East,30.263093490670173,29.264892732922817,typhoon_hurricane,0.259,10.1,1.2,0.022
EV00356,2025-03-03,Houston,North America,30.800311394719778,-93.38761317092867,typhoon_hurricane,0.343,1.8,0.5,0.047
EV00426,2025-03-07,Singapore,Southeast Asia,4.650792301469506,105.18944006977163,cyberattack,0.219,11.0,1.1,0.089
EV01067,2025-03-10,Los Angeles,North America,32.44255752168792,-118.63883989517538,port_congestion,0.247,21.1,2.5,0.092
EV00015,2025-03-10,Oakland,North America,37.627036619641764,-122.00867466585647,rail_derailment,0.139,3.2,0.3,0.042
EV01114,2025-03-12,Kaohsiung,East Asia,23.759065440245397,116.97440203432943,labor_strike,0.441,5.8,2.0,0.175
EV00824,2025-03-13,Oakland,North America,36.668061758969564,-124.35390640460292,canal_blockage,0.556,14.3,4.3,0.137
EV00802,2025-03-15,Oakland,North America,37.603947943230764,-122.52836519147736,rail_derailment,0.42,2.0,0.5,0.069
EV00217,2025-03-16,Ho Chi Minh City,Southeast Asia,11.428245856051657,109.43484384937915,typhoon_hurricane,0.521,0.7,0.2,0.165
EV00869,2025-03-16,Houston,North America,29.456826349396128,-93.76758120128086,typhoon_hurricane,0.167,5.4,0.7,0.058
EV00662,2025-03-20,Savannah,North America,32.924857133478234,-81.95800154692826,port_congestion,0.098,5.4,0.3,0.033
EV00828,2025-03-20,Kaohsiung,East Asia,22.061499823235433,118.28043704408174,port_congestion,0.34,16.0,3.7,0.04
EV01058,2025-03-21,Oakland,North America,37.39994683563587,-122.02317794752288,labor_strike,0.782,0.8,0.3,0.297
EV01173,2025-03-23,Houston,North America,31.357179214815176,-91.99205120884714,earthquake,0.26,14.1,1.7,0.031
EV00566,2025-03-25,Kaohsiung,East Asia,21.447344129103556,120.99879519329025,port_congestion,0.375,6.0,1.2,0.113
EV00366,2025-03-26,Houston,North America,28.738637831941663,-96.41795172046618,typhoon_hurricane,0.488,7.2,1.7,0.077
EV00120,2025-03-27,Chennai,South Asia,15.694730036260653,80.52092771628698,port_congestion,0.373,5.1,0.7,0.02
EV00285,2025-03-31,Chennai,South Asia,12.558228555291507,78.98897078973539,port_congestion,0.388,21.9,4.0,0.103
EV01123,2025-04-10,Shanghai,East Asia,32.994688595148354,123.23296332883321,port_congestion,0.154,12.5,1.3,0.037
EV00221,2025-04-12,Los Angeles,North America,31.943326004983604,-117.48323419360338,port_congestion,0.6,2.2,0.6,0.171
EV00921,2025-04-22,Chennai,South Asia,16.919730278596028,76.83530291079343,port_congestion,0.159,15.1,0.8,0.027
EV00270,2025-04-23,Kaohsiung,East Asia,26.089040736331057,120.28333082195991,typhoon_hurricane,0.305,12.3,1.9,0.065
EV00231,2025-04-25,Los Angeles,North America,30.52602982332654,-117.65031705156657,typhoon_hurricane,0.661,10.9,3.1,0.046
EV00446,2025-04-25,Ho Chi Minh City,Southeast Asia,12.16448373411839,106.71072176143184,port_congestion,0.313,6.5,1.2,0.026
EV00994,2025-05-02,Kaohsiung,East Asia,22.981943157044373,118.8842109188389,geopolitical_sanction,0.438,40.6,12.9,0.154
EV00117,2025-05-06,Savannah,North America,32.709687026491935,-79.70689626185819,labor_strike,0.773,26.4,10.2,0.148
EV00844,2025-05-06,Shenzhen,East Asia,23.54897012872595,114.95502974355097,port_congestion,0.123,23.1,1.9,0.029
EV00308,2025-05-09,Busan,East Asia,34.84783620838211,127.58403240941254,port_congestion,0.043,7.2,0.2,0.015
EV00770,2025-05-09,Houston,North America,27.43152699819002,-93.6102737601964,rail_derailment,0.353,2.3,0.4,0.093
EV00707,2025-05-10,Suez Canal,Middle East,29.894314499417085,31.744093797948164,rail_derailment,0.374,2.3,0.4,0.138
EV00353,2025-05-12,Los Angeles,North America,36.638699493754814,-122.31935685648895,port_congestion,0.233,6.5,0.5,0.018
EV00417,2025-05-12,Oakland,North America,38.54584117097684,-123.96648297140725,typhoon_hurricane,0.66,0.3,0.1,0.258
EV00785,2025-05-14,Manzanillo,North America,19.556100166025217,-103.9606875149165,typhoon_hurricane,0.697,1.7,1.1,0.281
EV00245,2025-05-14,Los Angeles,North America,32.611910698471654,-119.86267247542321,earthquake,0.371,19.1,2.6,0.163
EV00731,2025-05-20,Rotterdam,Europe,51.83922746096115,2.8158161186379416,typhoon_hurricane,0.096,4.7,0.3,0.012
EV00257,2025-05-21,Busan,East Asia,34.90108549706125,127.709636008337,geopolitical_sanction,0.782,30.6,10.9,0.201
EV00553,2025-05-23,Shenzhen,East Asia,19.638131891058276,113.44381480592179,geopolitical_sanction,0.54,39.8,11.6,0.186
EV00595,2025-05-25,Oakland,North America,41.74897216711918,-121.00699599796545,labor_strike,0.453,10.8,2.4,0.128
EV01163,2025-05-26,Houston,North America,31.89327655520466,-93.64860127674234,labor_strike,0.578,3.3,1.3,0.211
EV00047,2025-05-27,Shanghai,East Asia,30.669092133375937,119.92276252738124,typhoon_hurricane,0.411,8.7,1.8,0.135
EV00829,2025-05-27,Chennai,South Asia,10.512907134967865,78.64107047047253,typhoon_hurricane,0.73,4.7,1.3,0.289
EV01008,2025-05-29,Oakland,North America,38.11631792724784,-126.45205438304369,typhoon_hurricane,0.627,4.5,1.1,0.279
EV00657,2025-05-29,Shenzhen,East Asia,22.71976588170712,113.2250586933181,labor_strike,0.365,15.7,2.6,0.132
EV00536,2025-05-30,Oakland,North America,36.27649010739218,-122.83287366072105,port_congestion,0.318,4.8,1.1,0.029
EV00352,2025-06-01,Shanghai,East Asia,32.80448023561729,121.41663455474745,rail_derailment,0.187,4.2,0.5,0.039
EV00013,2025-06-03,Shanghai,East Asia,34.18696416670308,121.17161967081609,typhoon_hurricane,0.354,19.4,5.8,0.071
EV00038,2025-06-05,Ho Chi Minh City,Southeast Asia,12.599019479858207,107.23073770256234,typhoon_hurricane,0.393,8.8,1.9,0.023
EV00573,2025-06-07,Kaohsiung,East Asia,23.594500988160817,119.25351600269003,geopolitical_sanction,0.272,89.8,13.4,0.076
EV01034,2025-06-08,Busan,East Asia,31.987168699722293,127.08986610778018,cyberattack,0.445,5.1,1.9,0.099
EV00560,2025-06-12,Oakland,North America,37.06640757790707,-121.9105777279534,rail_derailment,0.207,3.1,0.3,0.027
EV00325,2025-06-13,Oakland,North America,36.12716101541238,-122.97329861453127,port_congestion,0.613,5.2,1.4,0.187
EV01133,2025-06-14,Busan,East Asia,36.68049672683928,128.58992998016225,typhoon_hurricane,0.372,1.1,0.2,0.107
EV00334,2025-06-14,Chennai,South Asia,11.599590312647129,79.60818309099221,port_congestion,0.414,1.5,0.4,0.037
EV00201,2025-06-17,Savannah,North America,30.681594272100007,-78.88316351510483,port_congestion,0.388,5.5,0.8,0.064
EV00951,2025-06-17,Panama Canal,Central America,10.573355189090892,-79.20880197929317,labor_strike,0.417,6.6,0.9,0.078
EV00612,2025-06-18,Busan,East Asia,36.79440912324014,131.50250590519198,cyberattack,0.374,4.1,0.6,0.062
EV00733,2025-06-20,Ho Chi Minh City,Southeast Asia,9.402870993058814,106.79848928668213,labor_strike,0.108,5.8,0.4,0.047
EV00840,2025-06-22,Shanghai,East Asia,28.7203763542392,121.38142058145404,typhoon_hurricane,0.485,5.2,1.9,0.049
EV00734,2025-06-24,Savannah,North America,31.004942976864708,-82.87431503729704,labor_strike,0.263,11.7,2.4,0.059
EV00211,2025-07-02,Ho Chi Minh City,Southeast Asia,8.861262587245188,108.41418178994886,typhoon_hurricane,0.139,5.5,0.3,0.008
EV00273,2025-07-06,Savannah,North America,31.54558108870406,-80.65830420967575,geopolitical_sanction,0.329,16.1,3.4,0.076
EV00445,2025-07-06,Rotterdam,Europe,52.74881939936985,3.890534272790511,typhoon_hurricane,0.741,2.5,1.0,0.038
EV00373,2025-07-07,Shanghai,East Asia,33.92729885707073,119.28777198189935,labor_strike,0.345,1.9,0.6,0.055
EV00700,2025-07-08,Los Angeles,North America,33.521130054735245,-118.65602201624432,typhoon_hurricane,0.116,12.5,0.8,0.015
EV00944,2025-07-14,Oakland,North America,34.691399489737286,-123.11163592897489,typhoon_hurricane,0.779,5.7,1.7,0.112
EV00594,2025-07-16,Los Angeles,North America,34.3763583099249,-116.38998390460043,port_congestion,0.424,6.1,1.3,0.167
EV00421,2025-07-23,Ho Chi Minh City,Southeast Asia,12.685393775155006,105.90157091953247,port_congestion,0.138,4.8,0.2,0.021
EV00107,2025-07-27,Ho Chi Minh City,Southeast Asia,8.109933615623374,109.18453871683329,labor_strike,0.574,7.9,3.4,0.245
EV00715,2025-07-28,Suez Canal,Middle East,31.727540383352462,33.210936914346554,earthquake,0.65,9.7,3.8,0.114
EV00282,2025-07-30,Rotterdam,Europe,51.104768961727565,5.3592250443828435,port_congestion,0.48,9.8,3.2,0.158
EV01052,2025-07-30,Busan,East Asia,35.25602249218005,130.94955856586577,port_congestion,0.167,7.4,0.8,0.057
EV00333,2025-08-03,Rotterdam,Europe,52.09253550947721,5.1666313972573095,labor_strike,0.439,8.1,1.5,0.055
EV01161,2025-08-03,Savannah,North America,31.509864402660416,-83.8112692656263,port_congestion,0.557,24.2,8.1,0.036
EV00119,2025-08-04,Rotterdam,Europe,52.92739762257534,2.5785972624746347,labor_strike,0.569,8.1,3.7,0.039
EV00488,2025-08-05,Rotterdam,Europe,50.2996801746608,6.180390277089991,port_congestion,0.487,4.4,0.9,0.103
EV01048,2025-08-06,Busan,East Asia,36.80863205158639,131.66452030005684,port_congestion,0.248,14.1,1.9,0.102
EV00547,2025-08-09,Houston,North America,28.722511806209972,-94.7623896106892,labor_strike,0.705,19.5,10.7,0.273
EV00053,2025-08-10,Chennai,South Asia,16.362309536965604,80.31171415431852,port_congestion,0.224,3.4,0.5,0.032
EV01009,2025-08-12,Los Angeles,North America,34.232558297467975,-116.58155892450131,port_congestion,0.255,7.1,1.5,0.032
EV00603,2025-08-13,Busan,East Asia,34.796008883516514,128.92635621036305,geopolitical_sanction,0.375,63.1,14.5,0.033
EV00205,2025-08-19,Chennai,South Asia,14.087103551907717,82.01232956026102,geopolitical_sanction,0.729,36.6,16.9,0.09
EV00001,2025-08-21,Panama Canal,Central America,10.023166877428878,-78.94743460723392,cyberattack,0.422,5.9,2.2,0.044
EV00471,2025-08-22,Shanghai,East Asia,30.896805452581667,122.7580873612163,rail_derailment,0.082,6.6,0.3,0.022
EV00542,2025-08-31,Oakland,North America,39.76654269226586,-123.27890823143743,canal_blockage,0.343,4.1,1.2,0.049
EV00776,2025-09-03,Los Angeles,North America,32.415502664869024,-115.62509702385404,earthquake,0.231,27.1,3.9,0.042
EV00911,2025-09-04,Chennai,South Asia,10.723076547509228,81.22926452890042,rail_derailment,0.109,8.2,0.7,0.014
EV00602,2025-09-05,Busan,East Asia,35.75298048465324,128.27474383478045,port_congestion,0.078,4.6,0.2,0.014
EV00002,2025-09-10,Manzanillo,North America,21.29315532385058,-102.88974551161886,typhoon_hurricane,0.344,1.3,0.4,0.022
EV00405,2025-09-11,Panama Canal,Central America,9.06819226397115,-79.78045470751277,labor_strike,0.29,6.2,1.3,0.108
EV01126,2025-09-15,Busan,East Asia,34.611953612329096,129.0568868980289,typhoon_hurricane,0.42,3.3,0.7,0.164
EV00788,2025-09-18,Ho Chi Minh City,Southeast Asia,10.631381026698023,107.48449908877853,canal_blockage,0.849,14.8,9.3,0.154
EV00576,2025-09-19,Kaohsiung,East Asia,22.6097041004758,121.89403605696269,port_congestion,0.393,3.3,1.1,0.102
EV01180,2025-09-22,Los Angeles,North America,35.04525152946595,-115.97571560979249,canal_blockage,0.462,15.7,2.3,0.117
EV00358,2025-09-29,Oakland,North America,35.276199656988375,-124.78896727131233,labor_strike,0.086,13.0,0.5,0.007
EV01063,2025-10-01,Shenzhen,East Asia,23.8131648133697,112.48159620052317,typhoon_hurricane,0.392,7.3,0.9,0.153
EV00973,2025-10-01,Ho Chi Minh City,Southeast Asia,8.073071671617994,105.44150814484335,rail_derailment,0.241,1.3,0.3,0.026
EV00102,2025-10-03,Panama Canal,Central America,9.817162878006497,-80.77667461972702,labor_strike,0.12,12.9,0.7,0.016
EV01153,2025-10-08,Panama Canal,Central America,10.44685220586804,-83.10148580126767,rail_derailment,0.131,3.2,0.3,0.032
EV00593,2025-10-08,Savannah,North America,31.990991735392765,-83.88074577119052,typhoon_hurricane,0.534,7.4,2.6,0.135
EV00551,2025-10-09,Manzanillo,North America,22.218757871603074,-100.83513931757088,labor_strike,0.659,7.1,4.1,0.185
EV01023,2025-10-14,Los Angeles,North America,34.28399803314644,-118.63883123717218,canal_blockage,0.898,5.4,3.7,0.101
EV00673,2025-10-19,Los Angeles,North America,33.74650471232748,-119.3829829578978,typhoon_hurricane,0.342,5.5,1.5,0.022
EV00718,2025-10-20,Busan,East Asia,35.05547311246033,130.5259196434567,cyberattack,0.686,0.4,0.2,0.06
EV00789,2025-10-23,Singapore,Southeast Asia,2.820241357346012,100.69251309075999,typhoon_hurricane,0.645,6.3,1.7,0.238
EV00077,2025-10-26,Oakland,North America,38.24905712043061,-120.32589264837485,labor_strike,0.512,8.1,3.0,0.118
EV00079,2025-10-26,Busan,East Asia,34.08280478911016,128.97981589021396,rail_derailment,0.51,0.2,0.0,0.21
EV00762,2025-11-03,Los Angeles,North America,33.6775909272878,-117.78913694576113,cyberattack,0.543,8.5,3.1,0.162
EV00166,2025-11-03,Shanghai,East Asia,31.437476885885772,121.38197324754661,port_congestion,0.442,3.2,1.0,0.14
EV00922,2025-11-03,Shenzhen,East Asia,24.13830313594627,114.4522542087465,rail_derailment,0.104,1.7,0.1,0.021
EV00682,2025-11-03,Ho Chi Minh City,Southeast Asia,11.555286504698353,105.79878567198789,typhoon_hurricane,0.212,9.0,1.4,0.057
EV00482,2025-11-07,Busan,East Asia,33.398431106912405,128.6694413851868,geopolitical_sanction,0.529,20.0,4.7,0.066
EV00747,2025-11-08,Savannah,North America,33.35897831565796,-82.85151924574599,typhoon_hurricane,0.379,4.3,1.1,0.159
EV00610,2025-11-10,Kaohsiung,East Asia,21.132358122786457,119.14050055728654,cyberattack,0.49,3.6,1.4,0.209
EV00160,2025-11-10,Rotterdam,Europe,51.10622136315929,3.7908742822801753,typhoon_hurricane,0.811,10.2,4.5,0.125
EV01141,2025-11-12,Oakland,North America,38.04991957930787,-125.1394207143474,labor_strike,0.742,9.7,6.3,0.265
EV00478,2025-11-12,Panama Canal,Central America,9.278437579764207,-77.09068398768012,typhoon_hurricane,0.316,9.1,2.1,0.043
EV01016,2025-11-16,Singapore,Southeast Asia,1.2908310195403006,106.65574218355157,rail_derailment,0.438,0.9,0.2,0.194
EV00363,2025-11-17,Oakland,North America,38.56695386480983,-122.98382546595629,port_congestion,0.275,10.9,1.4,0.124
EV00280,2025-11-21,Los Angeles,North America,35.84273480135832,-117.12152479118404,geopolitical_sanction,0.524,67.9,18.5,0.128
EV00040,2025-11-27,Chennai,South Asia,13.510467443724616,80.91502145632093,port_congestion,0.542,5.9,2.6,0.22
EV00142,2025-11-27,Shanghai,East Asia,29.746739581973767,122.61457726314956,cyberattack,0.37,6.5,1.9,0.048
EV00947,2025-12-14,Rotterdam,Europe,51.77247887795657,2.8343869953735803,rail_derailment,0.194,3.6,0.6,0.055
EV00398,2025-12-15,Oakland,North America,38.427951180947346,-121.13125553644515,geopolitical_sanction,0.798,24.7,17.5,0.088
EV00656,2025-12-15,Shenzhen,East Asia,21.288237600776082,113.95550634996586,typhoon_hurricane,0.452,9.9,3.3,0.191
EV00552,2025-12-16,Chennai,South Asia,12.758082879562043,78.67493687059311,labor_strike,0.314,2.2,0.5,0.093
EV01039,2025-12-18,Panama Canal,Central America,6.144714055988124,-81.56980558875179,port_congestion,0.281,33.5,7.0,0.06
EV00529,2025-12-22,Shenzhen,East Asia,21.750202328316636,115.3504257301981,port_congestion,0.388,24.6,7.0,0.032
EV00225,2025-12-26,Busan,East Asia,33.05432471557838,127.11202785022327,rail_derailment,0.314,1.5,0.2,0.108
